Country Name,Country Code,Indicator Name,Indicator Code,1960,1961,1962,1963,1964,1965,1966,1967,1968,1969,1970,1971,1972,1973,1974,1975,1976,1977,1978,1979,1980,1981,1982,1983,1984,1985,1986,1987,1988,1989,1990,1991,1992,1993,1994,1995,1996,1997,1998,1999,2000,2001,2002,2003,2004,2005,2006,2007,2008,2009,2010,2011,2012,2013,2014,2015,2016,2017,2018,2019,2020,2021,2022,2023,2024
Aruba,ABW,Access to electricity (% of population),EG.ELC.ACCS.ZS,,,,,,,,,,,,,,,,,,,,,,,,,,,,,,,100,99.15365601,99.1971283,99.23991394,100,100,100,100,100,100,91.7,100,100,100,100,100,100,100,100,100,93.4,100,100,100,100,100,100,100,100,100,100,100,99.9,100,
Africa Eastern and Southern,AFE,Access to electricity (% of population),EG.ELC.ACCS.ZS,,,,,,,,,,,,,,,,,,,,,,,,,,,,,,,,,,,,,,,,,19.91725633,19.94427742,21.54864662,22.49321672,23.72445493,23.44953936,25.17248231,26.79514459,25.90884513,26.18784648,27.41495376,28.90975623,31.67342746,31.72357357,31.87195613,33.92227566,38.85959766,40.22374417,43.03507335,44.39086053,46.28237095,48.12721104,48.80125796,50.66833048,
Afghanistan,AFG,Access to electricity (% of population),EG.ELC.ACCS.ZS,,,,,,,,,,,,,,,,,,,,,,,,,,,,,,,,,,,,,,,,,4.4,9.3,14.1,19,23.8,28.7,33.5,38.4,42.4,48.3,42.7,43.2,69.1,68,89.5,71.5,97.7,97.7,93.4,97.7,97.7,97.7,85.3,85.3,
Africa Western and Central,AFW,Access to electricity (% of population),EG.ELC.ACCS.ZS,,,,,,,,,,,,,,,,,,,,,,,,,,,,,,,,,,31.65346857,32.69220763,33.69483534,32.69739458,32.52391975,33.51350379,34.89385704,34.24611583,35.32326721,35.80911096,39.96025393,37.59450224,37.93591014,39.95290448,40.86486189,41.86601466,42.00248544,41.95199031,46.06196692,44.18650035,47.19450307,47.76736055,46.86241825,51.04512719,48.90072805,51.33582935,51.29157691,51.85604285,54.36859871,55.68668297,57.06926658,
Angola,AGO,Access to electricity (% of population),EG.ELC.ACCS.ZS,,,,,,,,,,,,,,,,,,,,,,,,,,,,,,,,,,,,,,,,,24.2,20,26.3,27.4,28.4,29.4,30.5,37.5,38.5,33.8,35,34.6,37.3,38.4,32,42,41.8,42.9,45.3,45.6,47,48.2,48.5,51.1,
Albania,ALB,Access to electricity (% of population),EG.ELC.ACCS.ZS,,,,,,,,,,,,,,,,,,,,,,,,,,,,,,,100,100,100,100,100,100,100,100,100,100,99.4,99.4,99.4,99.4,99.4,99.4,99.4,99.4,100,99.6,99.6,99.7,99.9,99.9,100,100,99.9,99.9,100,100,100,100,100,100,
Andorra,AND,Access to electricity (% of population),EG.ELC.ACCS.ZS,,,,,,,,,,,,,,,,,,,,,,,,,,,,,,,100,100,100,100,100,100,100,100,100,100,100,100,100,100,100,100,100,100,100,100,100,100,100,100,100,100,100,100,100,100,100,100,100,100,
Arab World,ARB,Access to electricity (% of population),EG.ELC.ACCS.ZS,,,,,,,,,,,,,,,,,,,,,,,,,,,,,,,,,,,,,,76.61177661,77.54125529,78.15640434,80.45866726,81.35479427,81.32362235,82.3422219,82.27952495,83.07676745,85.28439372,83.6267638,83.27556416,84.15972871,86.92150259,87.17269423,86.84786697,88.96162992,88.40677671,88.66164314,89.18617106,90.35106694,88.68984065,89.92899631,90.24177697,90.43409477,90.65451791,91.64542994,
United Arab Emirates,ARE,Access to electricity (% of population),EG.ELC.ACCS.ZS,,,,,,,,,,,,,,,,,,,,,,,,,,,,,,,100,100,100,100,100,100,100,100,100,100,100,100,100,100,100,100,100,100,100,100,100,100,100,100,100,100,100,100,100,100,100,100,100,100,
Argentina,ARG,Access to electricity (% of population),EG.ELC.ACCS.ZS,,,,,,,,,,,,,,,,,,,,,,,,,,,,,,,92.15480042,92.4921875,92.82945251,93.16604614,93.50127411,93.83446503,94.16493988,94.49201202,94.81500244,95.13315582,95.7,95.5,96.1,96.3,96.5,96.7,97,97.2,97.5,97.8,98.8,99,99.1,99.3,100,99.7,99.9,100,100,100,100,100,100,100,
Armenia,ARM,Access to electricity (% of population),EG.ELC.ACCS.ZS,,,,,,,,,,,,,,,,,,,,,,,,,,,,,,,,,,,,,,,,,98.9,100,98,99.1,99.1,99.8,99.1,99.2,99.2,99.3,99.8,99.5,99.5,99.4,99.7,100,99.8,99.7,99.9,100,100,100,100,100,
American Samoa,ASM,Access to electricity (% of population),EG.ELC.ACCS.ZS,,,,,,,,,,,,,,,,,,,,,,,,,,,,,,,,,,,,,,,,,,,,,,,,,,,,,,,,,,,,,,,,,
Antigua and Barbuda,ATG,Access to electricity (% of population),EG.ELC.ACCS.ZS,,,,,,,,,,,,,,,,,,,,,,,,,,,,,,,95.76304626,95.94065094,96.11813354,96.29494476,96.47039032,96.64379883,96.81448364,96.98177338,97.14498138,97.30335236,97.7,97.7,100,97.9,97.9,92.2,100,100,100,98.5,98.7,94.6,100,100,100,100,100,100,100,100,100,100,100,100,
Australia,AUS,Access to electricity (% of population),EG.ELC.ACCS.ZS,,,,,,,,,,,,,,,,,,,,,,,,,,,,,,,100,100,100,100,100,100,100,100,100,100,100,100,100,100,100,100,100,100,100,100,100,100,100,100,100,100,100,100,100,100,100,100,100,100,
Austria,AUT,Access to electricity (% of population),EG.ELC.ACCS.ZS,,,,,,,,,,,,,,,,,,,,,,,,,,,,,,,100,100,100,100,100,100,100,100,100,100,100,100,100,100,100,100,100,100,100,100,100,100,100,100,100,100,100,100,100,100,100,100,100,100,
Azerbaijan,AZE,Access to electricity (% of population),EG.ELC.ACCS.ZS,,,,,,,,,,,,,,,,,,,,,,,,,,,,,,,,,,,,,,,,97,98.9,98.6,100,98.8,99,99.1,99.5,99.5,99.7,99.9,99.9,99.9,100,100,100,100,100,100,100,100,100,100,100,100,
Burundi,BDI,Access to electricity (% of population),EG.ELC.ACCS.ZS,,,,,,,,,,,,,,,,,,,,,,,,,,,,,,,,,,,,,,,3.9,2.070949316,2.5,2.8,3.1,3.4,3.7,3.2,2.7,4.7,4.8,5.4,5.3,6.2,6.5,6.9,7,7.9,8.5,9.3,9.5,9.8,9.1,10.2,10.3,11.6,
Belgium,BEL,Access to electricity (% of population),EG.ELC.ACCS.ZS,,,,,,,,,,,,,,,,,,,,,,,,,,,,,,,100,100,100,100,100,100,100,100,100,100,100,100,100,100,100,100,100,100,100,100,100,100,100,100,100,100,100,100,100,100,100,100,100,100,
Benin,BEN,Access to electricity (% of population),EG.ELC.ACCS.ZS,,,,,,,,,,,,,,,,,,,,,,,,,,,,,,,,,,,,,14.5,18.58962631,19.5782547,20.56204224,21.5,21.9,23.4,24.3,25.2,26.1,27.9,28,29,30,34.2,36.9,38.4,34.7,34.1,29.6,37,34.5,39,40,41,42,56.5,57,
Burkina Faso,BFA,Access to electricity (% of population),EG.ELC.ACCS.ZS,,,,,,,,,,,,,,,,,,,,,,,,,,,,,,,,,,6.1,6.125010014,6.625332832,7.122936249,7.617139816,8.107264519,6.9,9.1,9.5,9.9,11.4,10.7,11.1,11.6,12,12.5,12.6,13.1,14.8,15.1,15.4,19.2,16.2,16.6,17,14.4,17.6,18.5,19,19.5,21.7,
Bangladesh,BGD,Access to electricity (% of population),EG.ELC.ACCS.ZS,,,,,,,,,,,,,,,,,,,,,,,,,,,,,,,,14.29,9.90541935,12.71788025,17.8,18.33804512,21.14438629,22.4,26.74619293,29.54021454,32,35,37.8,40.5,40.6,44.2,50.5,46.5,54.3,57.1,55.3,59.6,65.5,61.5,62.4,74,75.9,88,86.9,92.2,96.2,99,99.4,99.5,
Bulgaria,BGR,Access to electricity (% of population),EG.ELC.ACCS.ZS,,,,,,,,,,,,,,,,,,,,,,,,,,,,,,,100,100,100,100,100,100,100,100,100,100,88.1,88.6,89.1,89.6,90.1,90.6,91.2,91.7,92.3,92.9,93.5,94.1,94.7,95.3,95.9,96.6,97.3,98.1,98.7,99.2,99.7,99.8,100,100,
Bahrain,BHR,Access to electricity (% of population),EG.ELC.ACCS.ZS,,,,,,,,,,,,,,,,,,,,,,,,,,,,,,,99.94139862,99.96739197,99.98718262,99.99713898,99.99977112,100,100,100,100,100,100,100,100,100,100,100,100,100,100,100,100,100,100,100,100,100,100,100,100,100,100,100,100,100,
"Bahamas, The",BHS,Access to electricity (% of population),EG.ELC.ACCS.ZS,,,,,,,,,,,,,,,,,,,,,,,,,,,,,,,100,100,100,100,100,100,100,100,100,100,100,100,100,100,100,100,100,100,100,100,100,100,100,100,100,100,100,100,100,100,100,100,100,100,
Bosnia and Herzegovina,BIH,Access to electricity (% of population),EG.ELC.ACCS.ZS,,,,,,,,,,,,,,,,,,,,,,,,,,,,,,,100,100,100,100,100,100,100,100,100,100,99,99.4,98.5,99,99.1,99.1,99.4,99.7,99.3,99.4,99.5,99.7,99.7,99.5,99.9,99.7,100,100,100,100,100,100,100,100,
Belarus,BLR,Access to electricity (% of population),EG.ELC.ACCS.ZS,,,,,,,,,,,,,,,,,,,,,,,,,,,,,,,100,100,100,100,100,100,100,100,100,100,89,89.5,90,90.5,91,91.5,92.1,92.6,93.2,93.8,94.4,95,95.6,96.2,96.8,97.4,98,98.7,99.3,100,100,100,100,100,
Belize,BLZ,Access to electricity (% of population),EG.ELC.ACCS.ZS,,,,,,,,,,,,,,,,,,,,,,,,,,,,,,,,67,72.22491455,73.12332916,74.02038574,74.91539764,75.80769348,76.69658661,77.58140564,78.46138,79,80.2,81,81.8,82.6,83.5,91,85.2,86.1,86.9,89.9,91.7,90.9,91.1,91.5,91.8,93.3,94.2,91.7,92.7,96.8,97.7,98.6,99.6,
Bermuda,BMU,Access to electricity (% of population),EG.ELC.ACCS.ZS,,,,,,,,,,,,,,,,,,,,,,,,,,,,,,,100,100,100,100,100,100,100,100,100,100,100,100,100,100,100,100,100,100,100,100,100,100,100,100,100,100,100,100,100,100,100,100,100,100,
Bolivia,BOL,Access to electricity (% of population),EG.ELC.ACCS.ZS,,,,,,,,,,,,,,,,,,,,,,,,,,,,,,,,,60.0279007,61.38402939,64.1,64.09152985,71,67.330431,71.2,70.929888,70,69.3,64,72.3,75.9,68.3,76.2,80.2,84.7,86.8,88,88.3,90.4,89.5,90,91.5,91.8,91.8,92.8,95.1,97.2,98.6,99.9,99.8,
Brazil,BRA,Access to electricity (% of population),EG.ELC.ACCS.ZS,,,,,,,,,,,,,,,,,,,,,,,,,,,,,,,87.475116,90.60654449,88.803833,89.999927,91.88372803,91.728598,92.867095,93.354139,94.193812,94.76296,94.4,96,96.7,97,96.8,97.1,97.6,98.1,98.5,98.9,98.6,99.3,99.5,99.6,99.7,99.7,99.7,99.8,99.7,99.8,99.7,99.5,100,99.8,
Barbados,BRB,Access to electricity (% of population),EG.ELC.ACCS.ZS,,,,,,,,,,,,,,,,,,,,,,,,,,,,,,,99.98425293,99.99343872,99.99868774,100,100,100,100,100,100,100,100,100,100,100,99.9,99.9,100,100,100,100,100,100,100,100,100,100,100,100,100,100,100,100,100,100,
Brunei Darussalam,BRN,Access to electricity (% of population),EG.ELC.ACCS.ZS,,,,,,,,,,,,,,,,,,,,,,,,,,,,,,,100,100,100,100,100,100,100,100,100,100,100,100,100,100,100,100,100,100,100,100,100,100,100,100,100,100,100,100,100,100,100,100,100,100,
Bhutan,BTN,Access to electricity (% of population),EG.ELC.ACCS.ZS,,,,,,,,,,,,,,,,,,,,,,,,,,,,,,,,,,,,,,,,,31.2,40.2,44.1,41.1,51.9,59.8,59.7,71.8,67.6,71.5,73.3,81.8,91.5,87.4,91.4,95.4,99.3,97.7,100,100,100,100,100,100,
Botswana,BWA,Access to electricity (% of population),EG.ELC.ACCS.ZS,,,,,,,,,,,,,,,,,,,,,,,,,,,,,,,,10.1,9.398226738,11.64207649,13.88456631,16.12501717,18.36274719,20.59707832,22.82732964,25.0527401,26.5,24.8,27,33.1,35.3,37.5,39.7,41.9,44.5,43.4,52,53.2,56,58,60,62.1,64.2,67.4,68.3,70.1,71.8,73.7,75.9,76,
Central African Republic,CAF,Access to electricity (% of population),EG.ELC.ACCS.ZS,,,,,,,,,,,,,,,,,,,,,,,,,,,,,,,,,,,,3,3.334915638,3.830210209,4.321425438,4.807798386,6,5.7,6.1,6.6,7,7.4,7.8,8.4,7.5,9.4,9.8,10.4,11,11.5,12,12.7,13.4,14.1,14.6,14.3,15.4,15.7,15.7,17.6,
Canada,CAN,Access to electricity (% of population),EG.ELC.ACCS.ZS,,,,,,,,,,,,,,,,,,,,,,,,,,,,,,,100,100,100,100,100,100,100,100,100,100,100,100,100,100,100,100,100,100,100,100,100,100,100,100,100,100,100,100,100,100,100,100,100,100,
Central Europe and the Baltics,CEB,Access to electricity (% of population),EG.ELC.ACCS.ZS,,,,,,,,,,,,,,,,,,,,,,,,,,,,,,,100,100,100,100,100,100,100,100,100,100,97.92626353,98.02353797,98.14155832,98.1907969,98.26792983,98.32069984,98.42428178,98.52764464,98.66885655,98.85866012,98.96442715,99.06829872,99.20283569,99.30847738,99.41076946,99.53847099,99.64591383,99.87368668,99.8763759,99.94803496,99.98058396,99.98701212,100,100,
Switzerland,CHE,Access to electricity (% of population),EG.ELC.ACCS.ZS,,,,,,,,,,,,,,,,,,,,,,,,,,,,,,,100,100,100,100,100,100,100,100,100,100,100,100,100,100,100,100,100,100,100,100,100,100,100,100,100,100,100,100,100,100,100,100,100,100,
Channel Islands,CHI,Access to electricity (% of population),EG.ELC.ACCS.ZS,,,,,,,,,,,,,,,,,,,,,,,,,,,,,,,100,100,100,100,100,100,100,100,100,100,100,100,100,100,100,100,100,100,100,100,100,100,100,100,100,100,100,100,100,100,100,100,100,100,
Chile,CHL,Access to electricity (% of population),EG.ELC.ACCS.ZS,,,,,,,,,,,,,,,,,,,,,,,,,,,,,,,92.257427,94.78162384,94.560057,95.27372742,95.51807404,95.76038361,95.617315,96.23616791,97.241124,96.69554901,97.9,97.1,97.3,98.8,97.5,97.7,99.4,98,98.2,99.6,99.5,99.6,100,99.6,100,99.7,100,99.7,100,100,100,100,100,100,
China,CHN,Access to electricity (% of population),EG.ELC.ACCS.ZS,,,,,,,,,,,,,,,,,,,,,,,,,,,,,,,,,,,,,,,,,96.7,97,97.2,97.4,97.7,97.9,98.2,98.5,98.8,99.1,99.7,99.9,99.9,100,100,100,100,100,100,100,100,100,100,100,
Cote d'Ivoire,CIV,Access to electricity (% of population),EG.ELC.ACCS.ZS,,,,,,,,,,,,,,,,,,,,,,,,,,,,,,,,,,,36.5,43.63125229,44.64821243,45.66176987,46.67124557,48.2,48.7,49.7,51.4,51.5,52.4,58.9,60.2,55.3,60.3,57.3,58.4,55.8,55.8,61.5,61.9,62.6,64.3,65.6,67.1,68.6,69.9,71.1,72,72.4,
Cameroon,CMR,Access to electricity (% of population),EG.ELC.ACCS.ZS,,,,,,,,,,,,,,,,,,,,,,,,,,,,,,,,29,32.69752502,33.84919357,34.99950409,36.14777374,37.29332352,38.4354744,40.7,40.70677567,41,46.2,44,45.1,47.1,47.2,49,48.2,50.6,51.7,52.8,53.7,55.2,56.3,56.8,58.6,59.8,60.9,62.2,63.2,64.3,65.4,71,72,
"Congo, Dem. Rep.",COD,Access to electricity (% of population),EG.ELC.ACCS.ZS,,,,,,,,,,,,,,,,,,,,,,,,,,,,,,,,,,,,,,,,,6.7,7.1,7.7,8.3,9,6,10.2,15.2,11.6,12.3,13,13.7,15.4,15.2,13.5,16.6,17.3,18,18.7,19.1,20.1,20.8,21.5,22.1,
"Congo, Rep.",COG,Access to electricity (% of population),EG.ELC.ACCS.ZS,,,,,,,,,,,,,,,,,,,,,,,,,,,,,,,,,,,,,,,,,29.4,30.3,31.2,32.1,33,33.8,34.9,35.8,36.8,37.1,40,40.8,41.6,42.5,43.4,44.3,45.3,46.2,47,47.7,48.7,49.7,50.6,51.3,
Colombia,COL,Access to electricity (% of population),EG.ELC.ACCS.ZS,,,,,,,,,,,,,,,,,,,,,,,,,,,,,,,89.9,91.83665466,92.13265991,92.42799377,92.72196198,91.2,93.30310059,93.58891296,93.87064362,94.1475296,95.2,98.5,94.9,95.1,95.3,96.8,95.7,96,96.8,96.1,96.8,96.7,97,97.8,97.8,98.2,98.4,98.5,98.5,99.4,99.7,100,100,98.7,
Comoros,COM,Access to electricity (% of population),EG.ELC.ACCS.ZS,,,,,,,,,,,,,,,,,,,,,,,,,,,,,,,,,,,,,28.9,32.76241302,35.0945282,37.42180252,39.8,42,44.8,46.5,48.7,51,53.2,55.5,57.8,60.1,69.7,69.3,69.3,69.4,71.8,74.1,76.4,78.7,81,83.3,85.6,87.9,89.9,89.8,
Cabo Verde,CPV,Access to electricity (% of population),EG.ELC.ACCS.ZS,,,,,,,,,,,,,,,,,,,,,,,,,,,,,,,,,,,,,,,,,58.6,60.3,58.6,63.7,65.4,67,68.8,70.5,72.3,74.1,81.1,82.3,83.2,84.3,85.3,86.4,87.5,88.6,90.2,91.4,93.7,95.5,97.1,98.6,
Costa Rica,CRI,Access to electricity (% of population),EG.ELC.ACCS.ZS,,,,,,,,,,,,,,,,,,,,,,,,,,,,,,,,,,,,,,,,,96.9,98.2,98.5,98.7,99,99.1,99.1,99.2,99.3,99.4,99,99.2,99.5,99.6,99.4,99.4,99.5,99.6,99.7,99.7,99.9,100,100,100,
Caribbean small states,CSS,Access to electricity (% of population),EG.ELC.ACCS.ZS,,,,,,,,,,,,,,,,,,,,,,,,,,,,,,,,,,,,,,,,,88.41592898,90.48553367,90.8091127,91.00187184,91.28946473,90.81578748,91.94639786,93.08160547,93.44412941,92.91529439,94.18151246,94.12768185,95.25431138,95.56373954,95.84321965,96.20019485,96.66568678,97.05429006,97.08782771,97.36859039,97.93336269,98.17469909,98.30642215,99.16847754,
Cuba,CUB,Access to electricity (% of population),EG.ELC.ACCS.ZS,,,,,,,,,,,,,,,,,,,,,,,,,,,,,,,,,,,,,,,,,97,96.2,95.5,96.5,96.6,96.8,96.9,97.1,97.3,97.6,97.8,98,98.3,98.5,98.7,99,99.2,99.4,99.6,99.8,99.9,100,100,100,
Curacao,CUW,Access to electricity (% of population),EG.ELC.ACCS.ZS,,,,,,,,,,,,,,,,,,,,,,,,,,,,,,,100,100,100,100,100,100,100,100,100,100,100,99.9,99.9,99.8,99.8,99.7,99.7,99.7,99.7,99.7,100,100,100,100,100,100,100,100,100,100,100,100,100,100,
Cayman Islands,CYM,Access to electricity (% of population),EG.ELC.ACCS.ZS,,,,,,,,,,,,,,,,,,,,,,,,,,,,,,,99.84692383,99.8788147,99.91024017,100,100,100,100,100,100,100,100,100,100,100,100,100,100,100,100,100,100,100,100,100,100,100,100,100,100,100,100,100,100,100,
Cyprus,CYP,Access to electricity (% of population),EG.ELC.ACCS.ZS,,,,,,,,,,,,,,,,,,,,,,,,,,,,,,,100,100,100,100,100,100,100,100,100,100,100,100,100,100,100,100,100,100,100,100,100,100,100,100,100,100,100,100,100,100,100,100,100,100,
Czechia,CZE,Access to electricity (% of population),EG.ELC.ACCS.ZS,,,,,,,,,,,,,,,,,,,,,,,,,,,,,,,100,100,100,100,100,100,100,100,100,100,100,100,100,100,100,100,100,100,100,100,100,100,100,100,100,100,100,100,100,100,100,100,100,100,
Germany,DEU,Access to electricity (% of population),EG.ELC.ACCS.ZS,,,,,,,,,,,,,,,,,,,,,,,,,,,,,,,100,100,100,100,100,100,100,100,100,100,100,100,100,100,100,100,100,100,100,100,100,100,100,100,100,100,100,100,100,100,100,100,100,100,
Djibouti,DJI,Access to electricity (% of population),EG.ELC.ACCS.ZS,,,,,,,,,,,,,,,,,,,,,,,,,,,,,,,,,,,,,62,56.29449463,56.32225418,56.34516907,56,56.1,49.7,56.4,56.6,56.8,55.5,57.2,57.4,57.6,57.9,58.1,54.6,58.6,58.9,59.1,59.8,60.2,62.4,64.7,64.5,65.4,65,65.2,
Dominica,DMA,Access to electricity (% of population),EG.ELC.ACCS.ZS,,,,,,,,,,,,,,,,,,,,,,,,,,,,,,,,,,,,,,,75,79.62191772,81.1,82.1,87.7,84,85,86,87,88.1,90.9,90.2,91.3,90.1,93.5,94.6,95.7,96.7,97.8,98.9,99.6,99.9,100,100,100,100,
Denmark,DNK,Access to electricity (% of population),EG.ELC.ACCS.ZS,,,,,,,,,,,,,,,,,,,,,,,,,,,,,,,100,100,100,100,100,100,100,100,100,100,100,100,100,100,100,100,100,100,100,100,100,100,100,100,100,100,100,100,100,100,100,100,100,100,
Dominican Republic,DOM,Access to electricity (% of population),EG.ELC.ACCS.ZS,,,,,,,,,,,,,,,,,,,,,,,,,,,,,,,,78.2,82.48540497,83.25549316,84.02422333,84.79090881,85.55487823,86.31544495,87.07193756,91,88.8,89.8,89.7,89.2,90.3,90.1,90.1,96.9,97.6,97.9,98.1,97.9,97.9,98.4,98.5,98.6,98.9,100,98.9,99,100,98.1,98.1,99.6,
Algeria,DZA,Access to electricity (% of population),EG.ELC.ACCS.ZS,,,,,,,,,,,,,,,,,,,,,,,,,,,,,,,,,,,,,,,,,98.6,98.6,98.6,98.6,98.6,98.6,98.7,98.7,99.3,98.8,98.9,99,98.8,99.2,99.3,99.4,99.4,99.5,99.6,99.5,99.7,99.8,100,100,
East Asia & Pacific (excluding high income),EAP,Access to electricity (% of population),EG.ELC.ACCS.ZS,,,,,,,,,,,,,,,,,,,,,,,,,,,,,,,,,,,,,,,,,91.13814447,91.67980739,92.15327312,92.37804777,93.26606804,92.84530036,94.04145551,94.05138924,94.67193105,94.42763391,95.05537066,95.58168153,95.79516545,96.09285352,96.27409936,96.62182507,96.71653419,97.4453073,97.41238297,97.65009606,97.56518497,97.95992099,98.02737209,98.2376383,
Early-demographic dividend,EAR,Access to electricity (% of population),EG.ELC.ACCS.ZS,,,,,,,,,,,,,,,,,,,,,,,,,,,,,,,,,,55.6089749,56.37132662,58.13264833,59.87058959,61.83790638,63.39301072,66.08566383,67.50048862,68.25777415,69.15133395,70.88240684,71.11141996,72.75078067,73.79998288,75.65503834,77.40077952,78.28841996,79.39018951,81.14998286,82.05246324,83.79931258,84.75200884,86.82715446,88.34944813,90.50867288,91.99271092,92.7976553,93.45578106,95.24233389,95.1575745,95.7044381,
East Asia & Pacific,EAS,Access to electricity (% of population),EG.ELC.ACCS.ZS,,,,,,,,,,,,,,,,,,,,,,,,,,,,,,,,,,,,,,,,,92.06181443,92.54379823,92.96485572,93.16295845,93.95632073,93.5751463,94.6471577,94.65454037,95.21108387,94.98332806,95.54683248,96.0189474,96.20924578,96.4756467,96.63755958,96.95005996,97.03439658,97.69153593,97.66096407,97.87525581,97.79762097,98.15342591,98.21392948,98.40448808,
Europe & Central Asia (excluding high income),ECA,Access to electricity (% of population),EG.ELC.ACCS.ZS,,,,,,,,,,,,,,,,,,,,,,,,,,,,,,,,,,,,,,,,,99.00037027,99.07052443,99.15001659,99.14849182,99.13552454,99.25945695,99.21930801,99.33899083,99.37760728,99.44856216,99.60862245,99.61747542,99.69466723,99.72870973,99.78487746,99.76780457,99.86598643,99.91827558,99.94213212,99.96581414,99.97745826,99.96169579,99.99159856,100,
Europe & Central Asia,ECS,Access to electricity (% of population),EG.ELC.ACCS.ZS,,,,,,,,,,,,,,,,,,,,,,,,,,,,,,,100,100,100,100,100,99.99775493,99.97059308,99.96458508,99.96677714,99.86935334,99.11530706,99.16555077,99.20394167,99.2130326,99.23900735,99.27990043,99.30135948,99.36308036,99.40809614,99.46616858,99.66544251,99.66390276,99.82819481,99.84952577,99.87615295,99.16791752,99.82900478,99.96413289,99.97079163,99.95346686,99.97603547,99.98819724,99.99773358,100,
Ecuador,ECU,Access to electricity (% of population),EG.ELC.ACCS.ZS,,,,,,,,,,,,,,,,,,,,,,,,,,,,,,,,,,,,89.830167,92.05137634,92.4298172,92.726642,93.071434,93.7,94,94.2,95,94.8,95.8,96.3,96.8,97.2,96.5,97.5,96.9,97.2,98,99,98.8,98.7,99.2,98.7,99.1,98.9,100,100,98.7,
"Egypt, Arab Rep.",EGY,Access to electricity (% of population),EG.ELC.ACCS.ZS,,,,,,,,,,,,,,,,,,,,,,,,,,,,,,,,,93.4,95.39224243,95.64853668,95.5,96.15432739,96.40246582,96.64652252,96.88573456,97.7,97.4,97.5,98.8,97.8,99.4,99,98.4,99.8,98.9,99.4,99.4,99.7,99.9,99.8,99.3,100,100,100,100,100,100,100,100,
Euro area,EMU,Access to electricity (% of population),EG.ELC.ACCS.ZS,,,,,,,,,,,,,,,,,,,,,,,,,,,,,,,100,100,100,100,100,100,100,100,100,100,99.99390244,99.99397565,99.99230408,99.99241047,99.99055928,99.98911807,99.98733583,99.98973883,99.9924121,99.99535052,99.99604491,99.99612073,100,100,100,100,100,100,100,100,100,100,100,100,
Eritrea,ERI,Access to electricity (% of population),EG.ELC.ACCS.ZS,,,,,,,,,,,,,,,,,,,,,,,,,,,,,,,,,,,,22.9,24.75544739,25.8746109,26.9896946,28.09993553,29.3,30.3,32.2,32.4,33.4,34.5,35.6,36.7,37.8,38.9,40.1,41.2,42.3,43.5,44.6,45.8,46.9,48,49.1,50.3,51.4,52.5,53.4,54.4,
Spain,ESP,Access to electricity (% of population),EG.ELC.ACCS.ZS,,,,,,,,,,,,,,,,,,,,,,,,,,,,,,,100,100,100,100,100,100,100,100,100,100,100,100,100,100,100,100,100,100,100,100,100,100,100,100,100,100,100,100,100,100,100,100,100,100,
Estonia,EST,Access to electricity (% of population),EG.ELC.ACCS.ZS,,,,,,,,,,,,,,,,,,,,,,,,,,,,,,,100,100,100,100,100,100,100,100,100,100,100,100,100,100,100,100,100,100,100,100,100,100,100,100,100,100,100,100,100,100,100,100,100,100,
Ethiopia,ETH,Access to electricity (% of population),EG.ELC.ACCS.ZS,,,,,,,,,,,,,,,,,,,,,,,,,,,,,,,,,,,,,,,,,12.7,10.2,11.9,13.5,15.2,14,18.6,20.3,22,23.7,25.5,23,29,30.8,27.2,29,42.9,44.3,44.8,48,51.1,54.2,55.4,55.4,
European Union,EUU,Access to electricity (% of population),EG.ELC.ACCS.ZS,,,,,,,,,,,,,,,,,,,,,,,,,,,,,,,100,100,100,100,100,100,100,100,100,100,99.47618986,99.50504448,99.53871586,99.55399072,99.57582483,99.59137073,99.61883965,99.64640753,99.6825304,99.72900757,99.75539725,99.78011783,99.8125887,99.83811738,99.86260296,99.8929116,99.91826372,99.97097243,99.97172757,99.98815561,99.99560229,99.99708341,100,100,
Fragile and conflict affected situations,FCS,Access to electricity (% of population),EG.ELC.ACCS.ZS,,,,,,,,,,,,,,,,,,,,,,,,,,,,,,,,,,,,,,,,,40.43308684,40.94297789,41.49246123,43.27689231,42.58680362,42.68454665,44.13003979,44.91191188,44.65044329,45.67959813,45.99249265,47.87105221,48.89092097,50.593776,49.98373254,50.04322377,54.17577189,54.53774955,54.51546866,55.45141643,56.30104905,57.83322559,57.94587064,58.95010931,
Finland,FIN,Access to electricity (% of population),EG.ELC.ACCS.ZS,,,,,,,,,,,,,,,,,,,,,,,,,,,,,,,100,100,100,100,100,100,100,100,100,100,100,100,100,100,100,100,100,100,100,100,100,100,100,100,100,100,100,100,100,100,100,100,100,100,
Fiji,FJI,Access to electricity (% of population),EG.ELC.ACCS.ZS,,,,,,,,,,,,,,,,,,,,,,,,,,,,,,,,,,,,,66.9,71.77151489,73.08958435,74.40281677,76.8,77.7,79.6,80,80.6,81.6,82.6,88.9,86.2,85.6,92.4,92.5,92.6,91.8,93,93.2,93.4,96,95.1,96.1,97.1,92.1,92,99.3,
France,FRA,Access to electricity (% of population),EG.ELC.ACCS.ZS,,,,,,,,,,,,,,,,,,,,,,,,,,,,,,,100,100,100,100,100,100,100,100,100,100,100,100,100,100,100,100,100,100,100,100,100,100,100,100,100,100,100,100,100,100,100,100,100,100,
Faroe Islands,FRO,Access to electricity (% of population),EG.ELC.ACCS.ZS,,,,,,,,,,,,,,,,,,,,,,,,,,,,,,,100,100,100,100,100,100,100,100,100,100,100,100,100,100,100,100,100,100,100,100,100,100,100,100,100,100,100,100,100,100,100,100,100,100,
"Micronesia, Fed. Sts.",FSM,Access to electricity (% of population),EG.ELC.ACCS.ZS,,,,,,,,,,,,,,,,,,,,,,,,,,,,,,,,,,,,,,,,,46,48.4,50.1,51.8,53.5,55.2,57,58.7,60.5,62.2,64.5,66.3,67.8,69.4,71.2,73,74.8,76.5,78.3,80.1,81.9,83.6,85.3,86.9,
Gabon,GAB,Access to electricity (% of population),EG.ELC.ACCS.ZS,,,,,,,,,,,,,,,,,,,,,,,,,,,,,,,,,,,,,,,,,73.6,77.2,77.8,78.5,79.2,81.6,80.5,81.3,82,82.7,89.3,88.7,89.3,86.4,87.1,87.3,88.1,86.3,89.6,90.3,91.1,91.8,93.5,94.1,
United Kingdom,GBR,Access to electricity (% of population),EG.ELC.ACCS.ZS,,,,,,,,,,,,,,,,,,,,,,,,,,,,,,,100,100,100,100,100,100,100,100,100,100,100,100,100,100,100,100,100,100,100,100,100,100,100,100,100,100,100,100,100,100,100,100,100,100,
Georgia,GEO,Access to electricity (% of population),EG.ELC.ACCS.ZS,,,,,,,,,,,,,,,,,,,,,,,,,,,,,,,,,,,,,,,,,99.8,99.8,99.9,100,99.9,97.9,100,100,100,100,100,100,100,100,100,100,100,100,99.9,100,100,100,100,100,
Ghana,GHA,Access to electricity (% of population),EG.ELC.ACCS.ZS,,,,,,,,,,,,,,,,,,,,,,,,,,,,,,,,,,30.6,30.36940575,32.4504509,34.52877045,36.60369492,42.6,40.74053955,43.7,44.8,46.8,48.3,50.8,41.3,55.1,56.9,60.5,61.1,64.2,64.1,56.5,70.7,78.3,74,79.3,79,80.4,83.5,85.4,86.3,85.1,89.5,
Gibraltar,GIB,Access to electricity (% of population),EG.ELC.ACCS.ZS,,,,,,,,,,,,,,,,,,,,,,,,,,,,,,,100,100,100,100,100,100,100,100,100,100,99.9,99.9,99.8,99.8,99.7,99.7,99.7,99.7,99.7,100,100,99.8,99.9,99.9,99.9,100,100,100,100,100,100,100,100,100,
Guinea,GIN,Access to electricity (% of population),EG.ELC.ACCS.ZS,,,,,,,,,,,,,,,,,,,,,,,,,,,,,,,,,,,,,,,,16.4,15.2,16.4,17.7,18.9,20.2,20.2,22.8,24.1,25.4,26.7,28.1,29.5,26.2,32.2,33.5,34.9,33.5,35.4,45,42.2,44.7,46.8,47.7,51.1,
"Gambia, The",GMB,Access to electricity (% of population),EG.ELC.ACCS.ZS,,,,,,,,,,,,,,,,,,,,,,,,,,,,,,,,,,17.7,18.25004959,19.92144394,21.59011841,23.25539207,24.91658783,26.57294083,34.3,29.9,31.5,27.8,34.8,30.5,38.1,39.8,41.5,43.2,46.8,48.3,49.9,51.5,53,54.7,56.4,56.2,60.3,62.1,62.2,63.7,65.4,66.9,
Guinea-Bissau,GNB,Access to electricity (% of population),EG.ELC.ACCS.ZS,,,,,,,,,,,,,,,,,,,,,,,,,,,,,,,,,,,,,,,,,,,1.3,2.6,3.9,5.2,14.5,7.9,9.3,4.7,6,13.5,14.9,16.3,17.2,20.1,22.9,26,28.4,30.9,33.4,35.8,37.4,40.5,
Equatorial Guinea,GNQ,Access to electricity (% of population),EG.ELC.ACCS.ZS,,,,,,,,,,,,,,,,,,,,,,,,,,,,,,,,,,,,,,,,,64.8,64.9,64.9,64.9,64.9,65,65.1,65.1,65.2,65.4,66.1,66.1,65.7,65.9,66,66.1,66.2,66.4,66.5,66.6,66.7,66.8,67,66.9,
Greece,GRC,Access to electricity (% of population),EG.ELC.ACCS.ZS,,,,,,,,,,,,,,,,,,,,,,,,,,,,,,,100,100,100,100,100,100,100,100,100,100,100,100,100,100,100,100,100,100,100,100,100,100,100,100,100,100,100,100,100,100,100,100,100,100,
Grenada,GRD,Access to electricity (% of population),EG.ELC.ACCS.ZS,,,,,,,,,,,,,,,,,,,,,,,,,,,,,,,,,,,,,,,85.04,85.52946472,86,86.3,86.6,86.9,87.2,87.5,87.9,88.2,90,89,89.4,88.8,90.2,90.6,91,91.4,91.8,92.2,92.3,93,93.4,93.7,94.2,94.4,
Greenland,GRL,Access to electricity (% of population),EG.ELC.ACCS.ZS,,,,,,,,,,,,,,,,,,,,,,,,,,,,,,,100,100,100,100,100,100,100,100,100,100,100,100,100,100,100,100,100,100,100,100,100,100,100,100,100,100,100,100,100,100,100,100,100,100,
Guatemala,GTM,Access to electricity (% of population),EG.ELC.ACCS.ZS,,,,,,,,,,,,,,,,,,,,,,,,,,,,,,,,,,,,60.8,67.67993927,68.90407562,70.12413025,70.9,73.3,73.7,78.7,78.5,77.2,78.3,83.7,80.7,81.9,83.1,84.3,84,86.8,88.1,85.5,90.5,91.8,93.3,94.2,95.4,96.6,97.9,99.1,100,
Guam,GUM,Access to electricity (% of population),EG.ELC.ACCS.ZS,,,,,,,,,,,,,,,,,,,,,,,,,,,,,,,99.84430695,99.87581635,99.90686798,99.93725586,99.96508026,100,100,100,100,100,100,100,100,100,100,100,100,100,100,100,100,100,100,100,100,100,100,100,100,100,100,100,100,100,
Guyana,GUY,Access to electricity (% of population),EG.ELC.ACCS.ZS,,,,,,,,,,,,,,,,,,,,,,,,,,,,,,,,,,72.376631,70.71398163,71.35198212,71.98726654,72.61915588,73.24695587,73.86991882,74.6,75.1,75.7,76.2,76.8,77.5,73.4,78.5,79.1,77.6,83.3,84.2,85.1,86,86.9,88,89,90,90.9,91.6,92.3,92.9,93,98.9,
High income,HIC,Access to electricity (% of population),EG.ELC.ACCS.ZS,,,,,,,,,,,,,,,,,,,,,,,,,,,,,,,99.84104863,99.87713769,99.86621603,99.85919054,99.8623289,99.86733971,99.86455366,99.87644162,99.89073898,99.88575406,99.44164311,99.46644307,99.48632944,99.52842539,99.52318916,99.53323292,99.58442441,99.59444638,99.62510481,99.67243651,99.78185107,99.78442761,99.89514469,99.89873846,99.91720744,99.44125601,99.87493992,99.95972177,99.96265107,99.94961001,99.96830638,99.9798913,99.97980751,99.98840502,
"Hong Kong SAR, China",HKG,Access to electricity (% of population),EG.ELC.ACCS.ZS,,,,,,,,,,,,,,,,,,,,,,,,,,,,,,,100,100,100,100,100,100,100,100,100,100,100,100,100,100,100,100,100,100,100,100,100,100,100,100,100,100,100,100,100,100,100,100,100,100,
Honduras,HND,Access to electricity (% of population),EG.ELC.ACCS.ZS,,,,,,,,,,,,,,,,,,,,,,,,,,,,,,,,54.781937,58.913112,61.100156,64.733947,66.122022,61.68112,64.794754,66.859519,67.394103,67.4,64.2,63.1,65.1,67.1,68.9,71.3,73.5,76.4,78.3,81,82.2,83.6,87.2,88.7,90,91.6,86.5,91.6,91.1,93.1,94.1,94.4,95.6,
Heavily indebted poor countries (HIPC),HPC,Access to electricity (% of population),EG.ELC.ACCS.ZS,,,,,,,,,,,,,,,,,,,,,,,,,,,,,,,,,,,,,,,,,17.82447861,18.69723553,19.40357859,20.87229721,21.91939802,21.66560703,24.29705524,25.84775503,25.80374714,27.02461199,28.6794313,29.17183968,31.89796605,32.88731105,35.34329387,35.45323342,40.58791439,41.47614001,43.97805592,45.02245693,46.34059887,48.01994122,48.71712773,50.53111275,
Croatia,HRV,Access to electricity (% of population),EG.ELC.ACCS.ZS,,,,,,,,,,,,,,,,,,,,,,,,,,,,,,,100,100,100,100,100,100,100,100,100,100,100,100,100,100,99.9,99.9,99.8,99.8,100,100,100,100,100,100,100,100,100,100,100,100,100,100,100,100,
Haiti,HTI,Access to electricity (% of population),EG.ELC.ACCS.ZS,,,,,,,,,,,,,,,,,,,,,,,,,,,,,,,,,,,,31.3,30.01301765,30.55703735,31.09697533,31.63207245,33.7,31.5,33.1,31.6,34.1,34.5,33.9,35.5,36.1,36.6,37.2,37.8,37.9,38.9,39.6,40.8,40.4,43.3,44.4,45.4,46.3,47.2,49.3,51.3,
Hungary,HUN,Access to electricity (% of population),EG.ELC.ACCS.ZS,,,,,,,,,,,,,,,,,,,,,,,,,,,,,,,100,100,100,100,100,100,100,100,100,100,100,100,100,100,100,99.9,99.9,100,100,100,100,100,100,100,100,100,100,100,100,100,100,100,100,100,
IBRD only,IBD,Access to electricity (% of population),EG.ELC.ACCS.ZS,,,,,,,,,,,,,,,,,,,,,,,,,,,,,,,,,,,,,,,,,84.55142004,85.26054529,85.59836138,86.55819569,86.71849054,87.73332276,88.16808915,89.32421216,90.1665294,90.67317623,91.45405714,92.50849562,92.76921193,93.78213271,94.42401034,95.17695942,95.83653222,96.60421485,97.74996539,97.87732482,98.05719629,99.10947523,98.96872569,99.0886451,
IDA & IBRD total,IBT,Access to electricity (% of population),EG.ELC.ACCS.ZS,,,,,,,,,,,,,,,,,,,,,,,,,,,,,,,,,,,,,,,,,73.96543725,74.58835985,75.0793291,76.13464474,76.14445361,77.059769,77.85522665,78.61198069,79.45331898,79.95015216,80.64913306,81.9189103,82.43580509,83.35954777,83.93980783,84.80245449,86.19837231,87.17850974,88.2034422,88.57228064,88.91215243,90.02045111,89.96186146,90.31510891,
IDA total,IDA,Access to electricity (% of population),EG.ELC.ACCS.ZS,,,,,,,,,,,,,,,,,,,,,,,,,,,,,,,,,,,,,,,36.94698056,38.33778245,36.36285716,37.14226403,38.68365768,40.53703902,40.48811937,41.52243001,43.96917004,44.21091517,45.51668173,46.43033878,47.31558757,49.66211421,51.31894956,52.28173036,53.00057846,54.52239945,58.3948761,60.31793554,61.35444884,62.76964432,63.93707436,65.59821185,66.15690433,67.50149378,
IDA blend,IDB,Access to electricity (% of population),EG.ELC.ACCS.ZS,,,,,,,,,,,,,,,,,,,,,,,,,,,,,,,,,,,,,,,54.15931052,55.45581992,55.6481108,56.70789885,57.4182135,60.09528165,59.14327425,60.22421128,61.12698262,62.30431484,63.33093915,63.11554166,63.95474865,68.04984868,67.75342828,69.2012849,68.47499012,68.78683249,72.54603491,71.64661373,73.15187822,73.90890881,74.4924622,76.46988733,77.0721325,77.92013438,
Indonesia,IDN,Access to electricity (% of population),EG.ELC.ACCS.ZS,,,,,,,,,,,,,,,,,,,,,,,,,,,,,,,,48.9,66.69656372,55.43,62.8,66.86,72.39,80.3,80.94,83.73,86.3,86.3,87.6,87.9,89,84.8,90.6,91.1,92.7,93.6,94.2,94.8,96,96.5,97,97.5,97.6,98.1,98.5,98.9,97,99.2,100,99.4,
IDA only,IDX,Access to electricity (% of population),EG.ELC.ACCS.ZS,,,,,,,,,,,,,,,,,,,,,,,,,,,,,,,,,,,,,,,,,25.91155233,26.50336552,28.50156892,29.89846385,30.31878203,31.30666204,34.58069855,34.41689426,35.83915313,37.33512727,38.21636456,39.58657296,42.30802915,42.99793846,44.5118967,46.7059984,50.66022648,54.1427241,54.94127391,56.73462378,58.23651885,59.74116007,60.29013588,61.92019212,
Isle of Man,IMN,Access to electricity (% of population),EG.ELC.ACCS.ZS,,,,,,,,,,,,,,,,,,,,,,,,,,,,,,,100,100,100,100,100,100,100,100,100,100,100,100,100,100,100,100,100,100,100,100,100,100,100,100,100,100,100,100,100,100,100,100,100,100,
India,IND,Access to electricity (% of population),EG.ELC.ACCS.ZS,,,,,,,,,,,,,,,,,,,,,,,,,,,,,,,,,,50.9,49.81130981,51.40877533,53.00352097,54.59486389,56.18213272,60.1,60.3,62,62.3,65.4,64.4,68.8,67.9,72.3,74.1,75,76.3,79.5,79.9,83.1,85.1,88,89.6,91.8,95.7,95.9,96.5,99.6,99.2,99.5,
Not classified,INX,Access to electricity (% of population),EG.ELC.ACCS.ZS,,,,,,,,,,,,,,,,,,,,,,,,,,,,,,,,,,,,,,,,,,,,,,,,,,,,,,,,,,,,,,,,,
Ireland,IRL,Access to electricity (% of population),EG.ELC.ACCS.ZS,,,,,,,,,,,,,,,,,,,,,,,,,,,,,,,100,100,100,100,100,100,100,100,100,100,100,100,100,100,100,100,100,100,100,100,100,100,100,100,100,100,100,100,100,100,100,100,100,100,
"Iran, Islamic Rep.",IRN,Access to electricity (% of population),EG.ELC.ACCS.ZS,,,,,,,,,,,,,,,,,,,,,,,,,,,,,,,,,,,,,,,,,97.9,98.1,98.1,98.2,98.3,98.4,98.4,98.7,98.8,99.7,99.4,99.5,99.5,99.8,100,100,100,99.9,100,100,100,100,100,100,
Iraq,IRQ,Access to electricity (% of population),EG.ELC.ACCS.ZS,,,,,,,,,,,,,,,,,,,,,,,,,,,,,,,,,,,,,,,,,96.8,96.9,97.1,97.2,97.3,97.4,97.6,98.1,97.9,98.1,98.4,98,99.3,99,99.2,99.4,99.7,99.9,99.9,100,100,100,100,100,
Iceland,ISL,Access to electricity (% of population),EG.ELC.ACCS.ZS,,,,,,,,,,,,,,,,,,,,,,,,,,,,,,,100,100,100,100,100,100,100,100,100,100,100,100,100,100,100,100,100,100,100,100,100,100,100,100,100,100,100,100,100,100,100,100,100,100,
Israel,ISR,Access to electricity (% of population),EG.ELC.ACCS.ZS,,,,,,,,,,,,,,,,,,,,,,,,,,,,,,,100,100,100,100,100,100,100,100,100,100,100,100,100,100,100,100,100,100,100,100,100,100,100,100,100,100,100,100,100,100,100,100,100,100,
Italy,ITA,Access to electricity (% of population),EG.ELC.ACCS.ZS,,,,,,,,,,,,,,,,,,,,,,,,,,,,,,,100,100,100,100,100,100,100,100,100,100,100,100,100,100,100,100,100,100,100,100,100,100,100,100,100,100,100,100,100,100,100,100,100,100,
Jamaica,JAM,Access to electricity (% of population),EG.ELC.ACCS.ZS,,,,,,,,,,,,,,,,,,,,,,,,,,,,,,,70.334586,77.22886658,78.03292084,78.83629608,79.63831329,80.43829346,85.706045,82.02940369,82.81917572,84.554112,84.4,87.7,86.7,86.5,87.2,88,88.7,89.4,92,91,92.2,91.1,93.1,93.9,93.3,94.9,96.6,97.4,98.2,98.9,99.7,100,100,97.7,
Jordan,JOR,Access to electricity (% of population),EG.ELC.ACCS.ZS,,,,,,,,,,,,,,,,,,,,,,,,,,,,,,,96.8,97.85468292,97.97486115,98.09436035,98.21250153,98.32859802,98.44197845,98.9,98.65785217,98.75891113,99,99,99.5,99,99.2,99,100,98.8,100,99.4,100,99.6,99.5,99.7,99.8,99.9,100,100,99.9,99.9,99.9,99.9,100,100,
Japan,JPN,Access to electricity (% of population),EG.ELC.ACCS.ZS,,,,,,,,,,,,,,,,,,,,,,,,,,,,,,,100,100,100,100,100,100,100,100,100,100,100,100,100,100,100,100,100,100,100,100,100,100,100,100,100,100,100,100,100,100,100,100,100,100,
Kazakhstan,KAZ,Access to electricity (% of population),EG.ELC.ACCS.ZS,,,,,,,,,,,,,,,,,,,,,,,,,,,,,,,,,,,,99.9,99.19211578,99.26947021,99.34275055,97,99.6,99.7,99.8,99.9,100,100,99.8,100,100,100,100,99.8,100,100,100,100,100,100,100,100,100,100,100,100,
Kenya,KEN,Access to electricity (% of population),EG.ELC.ACCS.ZS,,,,,,,,,,,,,,,,,,,,,,,,,,,,,,,,,,10.9,3.473436832,5.427343369,7.378530502,9.326317787,14.5,13.20889187,15.2,17,18.9,16,22.6,24.5,26.4,28.3,30.3,23,19.2,36.2,38.1,40.1,36,41.6,53.1,55.8,61.2,69.7,71.5,76.5,76,76.2,
Kyrgyz Republic,KGZ,Access to electricity (% of population),EG.ELC.ACCS.ZS,,,,,,,,,,,,,,,,,,,,,,,,,,,,,,,,,,,,,,99.8,99.55382538,99.56558228,99.6,99.5,100,99.4,99.3,99.4,98.9,99.5,99.5,99.5,99,98.3,99.8,98.9,99.8,98.7,99.7,100,100,99.9,99.9,99.7,99.7,100,
Cambodia,KHM,Access to electricity (% of population),EG.ELC.ACCS.ZS,,,,,,,,,,,,,,,,,,,,,,,,,,,,,,,,,,,,,,,18.67,8.820036888,16.6,9.5,13.1,19.3,14.2,20.5,27.5,20.2,26.4,25.6,31.1,37.4,42.3,50.9,56.1,62.7,68.8,89.1,80.7,84,86.4,82.5,92.3,95,
Kiribati,KIR,Access to electricity (% of population),EG.ELC.ACCS.ZS,,,,,,,,,,,,,,,,,,,,,,,,,,,,,,,,,,,,,,,,,55.6,57.3,59,60.7,62.4,69.7,68.8,67.7,69.4,64.2,63.2,74.9,76.7,78.8,83.4,90.6,92.6,85.7,87.5,89.3,91,92.8,94.4,95.9,
St. Kitts and Nevis,KNA,Access to electricity (% of population),EG.ELC.ACCS.ZS,,,,,,,,,,,,,,,,,,,,,,,,,,,,,,,91.3068161,91.6711731,92.03543091,92.39900208,92.76120758,93.12138367,93.47883606,93.83288574,94.18286133,94.52799225,95.4,93.5,95.8,96,96.3,96.5,96.7,97,97.3,97.6,99.8,100,100,100,100,100,100,100,100,100,100,100,100,100,
"Korea, Rep.",KOR,Access to electricity (% of population),EG.ELC.ACCS.ZS,,,,,,,,,,,,,,,,,,,,,,,,,,,,,,,99.88284302,99.91267395,99.94221497,99.96943665,99.98912048,100,100,100,100,100,100,100,100,100,100,100,100,100,100,100,100,100,100,100,100,100,100,100,100,100,100,100,100,100,
Kuwait,KWT,Access to electricity (% of population),EG.ELC.ACCS.ZS,,,,,,,,,,,,,,,,,,,,,,,,,,,,,,,100,100,100,100,100,100,100,100,100,100,100,100,100,100,100,100,100,100,100,100,100,100,100,100,100,100,100,100,100,100,100,100,100,100,
Latin America & Caribbean (excluding high income),LAC,Access to electricity (% of population),EG.ELC.ACCS.ZS,,,,,,,,,,,,,,,,,,,,,,,,,,,,,,,,,87.87748739,88.54797444,89.53974215,87.73701131,88.83429015,89.29296778,89.95603006,90.6211982,91.07529335,91.6904405,92.04235967,92.26455256,92.68995955,93.04014702,93.76850694,94.06630553,94.89113897,95.06605503,95.56561402,95.913672,96.28823839,96.62727233,96.78214939,97.04448425,97.27837252,97.549452,97.55502358,97.83219502,97.98577748,98.12108757,98.46260207,98.26874434,
Lao PDR,LAO,Access to electricity (% of population),EG.ELC.ACCS.ZS,,,,,,,,,,,,,,,,,,,,,,,,,,,,,,,,,,31,25.605793,25,31.24769974,34.06389618,36.87601089,39.68328476,42.6,45.3,46.3,48,53.5,57.2,57,55,66,67.4,70.2,70,76.4,79.3,82.5,89.7,89,93.6,92.9,98.4,99.3,100,100,96.5,
Lebanon,LBN,Access to electricity (% of population),EG.ELC.ACCS.ZS,,,,,,,,,,,,,,,,,,,,,,,,,,,,,,,,,,,,,,,,,99.3,99.3,99.3,99.2,99.9,99.2,99.4,97.8,99.9,99.3,99.5,99.7,99.5,99.6,99.7,99.7,99.8,99.9,99.7,100,100,100,100,100,
Liberia,LBR,Access to electricity (% of population),EG.ELC.ACCS.ZS,,,,,,,,,,,,,,,,,,,,,,,,,,,,,,,,,,,,,,,,,,,,,,,,3,1.3,1.9,5.3,4.1,9.3,9.8,9.4,15.2,17.7,24.2,22.8,23.1,27.6,29.8,31.8,32.5,
Libya,LBY,Access to electricity (% of population),EG.ELC.ACCS.ZS,,,,,,,,,,,,,,,,,,,,,,,,,,,,,,,,,,,,,,,,,99.8,96.9,95.2,93.5,91.8,90.1,88.4,86.8,85.1,83.5,81.9,80.3,78.7,77.1,75.5,73.8,72.2,70.6,67,68.5,69.4,70.2,70,73.2,
St. Lucia,LCA,Access to electricity (% of population),EG.ELC.ACCS.ZS,,,,,,,,,,,,,,,,,,,,,,,,,,,,,,,,,,,,,,,,,86,89.9,87.7,88.5,89.3,90.1,90.9,91.8,92.7,93.5,94.2,95.4,95.3,97.2,98.1,99,99.8,99.9,100,100,100,100,100,100,
Latin America & Caribbean,LCN,Access to electricity (% of population),EG.ELC.ACCS.ZS,,,,,,,,,,,,,,,,,,,,,,,,,,,,,,,,,88.73448136,89.34345234,90.2410137,88.6212636,89.57626884,90.03090088,90.64825191,91.25763829,91.73608643,92.33255077,92.65544612,92.73840883,93.21914101,93.52274424,94.25933462,94.4765422,95.22308083,95.4266624,95.87900491,96.18410312,96.56923455,96.86468223,97.05402542,97.28472761,97.47838213,97.71059922,97.75671521,97.99821139,98.14999276,98.27562637,98.57887137,98.42262047,
Least developed countries: UN classification,LDC,Access to electricity (% of population),EG.ELC.ACCS.ZS,,,,,,,,,,,,,,,,,,,,,,,,,,,,,,,,,,,,,,,,,20.22805424,20.9977554,22.98180791,24.51992383,24.90971942,26.27118075,29.13939242,29.35247121,30.74129381,32.14443062,33.01645229,34.49917777,37.82324348,38.23062453,39.48782348,42.31272813,46.34583324,50.20449409,51.08742026,52.87871227,54.47368401,56.10553736,56.73831293,58.4341453,
Low income,LIC,Access to electricity (% of population),EG.ELC.ACCS.ZS,,,,,,,,,,,,,,,,,,,,,,,,,,,,,,,,,,,,,,,,,16.63187227,18.16156256,18.618137,20.36612539,20.95815976,20.92257153,22.95226399,24.41832166,23.44473188,24.95844806,26.4471372,27.66640947,30.07764665,31.07253971,33.47164031,33.07021839,36.43361242,38.17925639,39.68380279,40.7021445,41.73684567,43.01546579,43.00608828,45.27219188,
Liechtenstein,LIE,Access to electricity (% of population),EG.ELC.ACCS.ZS,,,,,,,,,,,,,,,,,,,,,,,,,,,,,,,100,100,100,100,100,100,100,100,100,100,100,100,100,100,100,100,100,100,100,100,100,100,100,100,100,100,100,100,100,100,100,100,100,100,
Sri Lanka,LKA,Access to electricity (% of population),EG.ELC.ACCS.ZS,,,,,,,,,,,,,,,,,,,,,,,,,,,,,,,,,,,,,,,,,70.3,63.6,80.7,75,76.5,78.1,82.1,80,82.9,87.1,85.3,87.8,87,90.2,92.7,94.3,97.5,97.5,99.6,99.8,100,100,100,100,
Lower middle income,LMC,Access to electricity (% of population),EG.ELC.ACCS.ZS,,,,,,,,,,,,,,,,,,,,,,,,,,,,,,,,,,47.14819398,47.10863895,48.34384976,50.05431289,52.63827049,55.55375864,58.06994179,58.1811158,59.35303029,60.32610718,62.7214573,62.54004159,65.2484356,65.97722074,67.94377211,69.83320891,70.58396662,71.68773918,74.60367589,75.15408487,77.11888044,78.28970969,80.65869535,82.71671452,84.6592387,86.91218057,87.61352219,88.38041439,90.55573424,90.5768406,91.26807498,
Low & middle income,LMY,Access to electricity (% of population),EG.ELC.ACCS.ZS,,,,,,,,,,,,,,,,,,,,,,,,,,,,,,,,,,,,,,,,,73.56212585,74.285738,74.815,75.96296743,75.96387822,76.98756861,77.77870323,78.58602333,79.47462011,79.74394248,80.46973858,81.8904976,82.34356214,83.32080171,84.02009065,85.04072987,86.20608728,87.22823544,88.32713663,88.69083408,89.01628806,90.15249344,90.09326959,90.49207118,
Lesotho,LSO,Access to electricity (% of population),EG.ELC.ACCS.ZS,,,,,,,,,,,,,,,,,,,,,,,,,,,,,,,,,,,,,,,,,4.3,1.3,3.4,5.4,6.8,9.6,9.7,13.9,16,17,17,22.5,20.6,26.9,27.8,31.8,35.1,33.7,47,44.6,47.5,50.4,50,57.3,
Late-demographic dividend,LTE,Access to electricity (% of population),EG.ELC.ACCS.ZS,,,,,,,,,,,,,,,,,,,,,,,,,,,,,,,,,,,,,,,,,95.25130389,95.91349852,96.25370745,96.45572275,96.7359835,97.16645972,97.88947007,97.62867501,97.99492635,97.68878295,98.35251144,98.62602184,98.71221026,98.89800266,99.00439066,98.7803025,99.11641409,99.27217415,99.2807573,99.32906035,99.38694089,99.41169978,99.47718819,99.45717576,
Lithuania,LTU,Access to electricity (% of population),EG.ELC.ACCS.ZS,,,,,,,,,,,,,,,,,,,,,,,,,,,,,,,100,100,100,100,100,100,100,100,100,100,99.5,99.5,99.4,99.4,99.4,99.4,99.4,99.4,99.4,99.5,99.7,99.7,100,100,100,100,100,100,100,100,100,100,100,100,
Luxembourg,LUX,Access to electricity (% of population),EG.ELC.ACCS.ZS,,,,,,,,,,,,,,,,,,,,,,,,,,,,,,,100,100,100,100,100,100,100,100,100,100,100,100,100,100,100,100,100,100,100,100,100,100,100,100,100,100,100,100,100,100,100,100,100,100,
Latvia,LVA,Access to electricity (% of population),EG.ELC.ACCS.ZS,,,,,,,,,,,,,,,,,,,,,,,,,,,,,,,100,100,100,100,100,100,100,100,100,100,99.9,99.9,99.8,99.8,99.7,99.7,99.6,99.7,99.7,100,99.8,99.8,100,100,100,100,100,100,100,100,100,100,100,100,
"Macao SAR, China",MAC,Access to electricity (% of population),EG.ELC.ACCS.ZS,,,,,,,,,,,,,,,,,,,,,,,,,,,,,,,99.84928131,99.88058472,99.91143036,99.94161987,100,100,100,100,100,100,100,100,100,100,100,100,100,100,100,100,100,100,100,100,100,100,100,100,100,100,100,100,100,100,
St. Martin (French part),MAF,Access to electricity (% of population),EG.ELC.ACCS.ZS,,,,,,,,,,,,,,,,,,,,,,,,,,,,,,,100,100,100,100,100,100,100,100,100,100,100,99.9,99.9,99.8,99.8,99.7,99.7,99.7,99.7,99.7,100,100,100,100,100,100,100,100,100,100,100,100,100,100,
Morocco,MAR,Access to electricity (% of population),EG.ELC.ACCS.ZS,,,,,,,,,,,,,,,,,,,,,,,,,,,,,,,,,49.2,56.77265167,58.60889816,56.5,62.27459335,64.10268402,65.92668915,67.74585724,69.8,71.6,73.3,75.1,78.2,78.6,96.5,82.2,84.1,85.9,95.7,96.1,96.4,97.2,97.3,97.3,97.8,100,98.1,99.6,100,100,100,100,
Monaco,MCO,Access to electricity (% of population),EG.ELC.ACCS.ZS,,,,,,,,,,,,,,,,,,,,,,,,,,,,,,,100,100,100,100,100,100,100,100,100,100,100,100,100,100,100,100,100,100,100,100,100,100,100,100,100,100,100,100,100,100,100,100,100,100,
Moldova,MDA,Access to electricity (% of population),EG.ELC.ACCS.ZS,,,,,,,,,,,,,,,,,,,,,,,,,,,,,,,100,100,100,100,100,100,100,100,100,100,98.7,98.8,99,98.8,99.1,98.6,98.9,99,99.1,99.2,99.3,99.4,99.5,99.6,99.8,99.9,99.9,100,100,100,100,100,100,100,
Madagascar,MDG,Access to electricity (% of population),EG.ELC.ACCS.ZS,,,,,,,,,,,,,,,,,,,,,,,,,,,,,,,,,9.2,10.10562325,10.56164837,11.01563454,11.46690083,10.9,12.35855484,12.79750061,12.6,14.8,14,20.3,15.3,16,16.8,17.5,18.3,17.4,12.3,14.3,18.7,12.9,23,23.8,22.9,24.1,36.5,31,32,35.1,36.1,39.4,
Maldives,MDV,Access to electricity (% of population),EG.ELC.ACCS.ZS,,,,,,,,,,,,,,,,,,,,,,,,,,,,,,,,,,,,,,,,,83.8,87.5,88.3,89.1,90,90.9,91.7,92.6,93.6,99.9,99,99.1,99.2,99.4,100,99.8,100,99.8,100,100,100,100,100,100,
"Middle East, North Africa, Afghanistan & Pakistan",MEA,Access to electricity (% of population),EG.ELC.ACCS.ZS,,,,,,,,,,,,,,,,,,,,,,,,,,,,,,,,,,,,,,,,,82.5699139,83.27917617,83.60859794,84.58461666,84.98041012,85.95790367,87.6565823,87.15191141,88.09466098,88.74034286,90.56081986,90.77615593,91.85412137,93.14796904,94.03209567,93.43606555,95.15876482,96.00124317,94.97068617,96.0087073,96.26212044,96.41666906,95.8637945,96.42263674,
Mexico,MEX,Access to electricity (% of population),EG.ELC.ACCS.ZS,,,,,,,,,,,,,,,,,,,,,,,,,,,,,,,,,93.145981,95.44846344,95.238294,95.89446259,96.093624,96.32958221,96.092755,96.74829865,98,97.1,97.9,97.4,98.6,98.9,99.1,97.9,98.9,98.3,99.2,99,99.1,99.1,99.2,99,99.5,100,99.5,99.6,99.4,100,100,99.7,
Marshall Islands,MHL,Access to electricity (% of population),EG.ELC.ACCS.ZS,,,,,,,,,,,,,,,,,,,,,,,,,,,,,,,,,,,,,,,,68.52423588,68.6,70.1,71.5,72.9,74.3,75.7,77.2,72.3,80.2,81.7,89.4,89.9,90.4,90.9,91.5,92.1,92.7,93.8,95.3,96.8,98.3,99.8,100,100,
Middle income,MIC,Access to electricity (% of population),EG.ELC.ACCS.ZS,,,,,,,,,,,,,,,,,,,,,,,,,,,,,,,,,,,,,,,,,77.22419145,77.94322377,78.55491583,79.72897178,79.75060139,80.91146188,81.68553814,82.64760389,83.74982982,84.26689747,84.99995373,86.50772822,86.85665915,87.88799325,88.49098494,89.6960862,90.72943902,91.7562112,92.89524319,93.28141841,93.62474771,94.83367851,94.85821201,95.15838846,
North Macedonia,MKD,Access to electricity (% of population),EG.ELC.ACCS.ZS,,,,,,,,,,,,,,,,,,,,,,,,,,,,,,,100,100,100,100,100,100,100,100,100,100,99,99,99,99,99.4,99.1,99,99.1,99.2,99.2,99.5,99.7,99.6,99.7,99.8,99.9,100,100,99.8,100,100,100,100,100,
Mali,MLI,Access to electricity (% of population),EG.ELC.ACCS.ZS,,,,,,,,,,,,,,,,,,,,,,,,,,,,,,,,,,,,,6.2,4.28854084,6.066863537,7.840343952,9.6,10.8,13,14.7,16.4,18.2,16.6,21.7,23.4,24,27,28.8,25.6,32.4,34.2,37.6,38.8,34.8,50.9,47.9,50.6,53.4,53,54.5,
Malta,MLT,Access to electricity (% of population),EG.ELC.ACCS.ZS,,,,,,,,,,,,,,,,,,,,,,,,,,,,,,,100,100,100,100,100,100,100,100,100,100,100,100,100,100,100,100,100,100,100,100,100,100,100,100,100,100,100,100,100,100,100,100,100,100,
Myanmar,MMR,Access to electricity (% of population),EG.ELC.ACCS.ZS,,,,,,,,,,,,,,,,,,,,,,,,,,,,,,,,,,,,,,,,,41.9,43,47,45.1,46.2,47.3,48.4,49.5,50.6,51.8,48.8,54.1,55.3,56.5,52,60.5,55.6,69.8,66.1,68.3,70.4,72.5,73.6,76.8,
"Middle East, North Africa, Afghanistan & Pakistan (excluding high income)",MNA,Access to electricity (% of population),EG.ELC.ACCS.ZS,,,,,,,,,,,,,,,,,,,,,,,,,,,,,,,,,,,,,,,,,81.37009395,82.10416264,82.43392011,83.46031306,83.86741122,84.90043374,86.7067349,86.13264792,87.12279212,87.80196378,89.78539871,90.00326831,91.15395911,92.54101862,93.49554087,92.82776349,94.70490712,95.62302218,94.50936366,95.64374719,95.91737028,96.09560189,95.48371437,96.08542875,
Montenegro,MNE,Access to electricity (% of population),EG.ELC.ACCS.ZS,,,,,,,,,,,,,,,,,,,,,,,,,,,,,,,100,100,100,100,100,100,100,100,100,100,99.1,99.1,99,99,99,99.8,99,99,99,99.1,99.2,99,99.3,99.7,97.7,99.5,99.6,100,100,100,99.9,99.8,100,100,
Mongolia,MNG,Access to electricity (% of population),EG.ELC.ACCS.ZS,,,,,,,,,,,,,,,,,,,,,,,,,,,,,,,,,,,,,,,,,67.3,71.7,72.8,76.3,74.8,86.2,77,78.1,79.2,80.3,78.5,72.1,83.7,81.2,86,88,90.8,93.6,98.1,98.9,99.5,100,100,100,
Northern Mariana Islands,MNP,Access to electricity (% of population),EG.ELC.ACCS.ZS,,,,,,,,,,,,,,,,,,,,,,,,,,,,,,,99.85326385,99.88437653,99.91503143,99.9449234,99.97164154,100,100,100,100,100,100,100,99.9,99.9,99.8,99.8,99.7,100,100,100,100,100,100,100,100,100,100,100,100,100,100,100,100,100,
Mozambique,MOZ,Access to electricity (% of population),EG.ELC.ACCS.ZS,,,,,,,,,,,,,,,,,,,,,,,,,,,,,,,,,,,,,,6.6,3.663175583,4.879123688,6.1,5.7,8.4,8.1,10.7,11.8,13,12.4,13.6,15,18.9,20.2,21.2,22.4,24.8,24,26.2,24.3,31.1,29.7,30.6,31.5,33.2,36,
Mauritania,MRT,Access to electricity (% of population),EG.ELC.ACCS.ZS,,,,,,,,,,,,,,,,,,,,,,,,,,,,,,,,,,,,,,,,,19.1,22.2,21.7,23,24.3,18.2,27,33,30,31.1,34.2,35.3,36.4,37.6,38.8,39.5,41.2,42.9,43.6,44.9,45.4,47.7,49,50.3,
Mauritius,MUS,Access to electricity (% of population),EG.ELC.ACCS.ZS,,,,,,,,,,,,,,,,,,,,,,,,,,,,,,,99.04156494,99.07067871,99.09967804,99.12800598,99.15496826,99.17988586,99.20209503,99.22089386,99.23561859,99.24550629,99,99.2,99.4,99.1,99,99,99,99,99,99,99.4,99.6,99.4,99.4,99.5,99.6,99.7,99.6,99.8,100,99.5,99.6,100,100,
Malawi,MWI,Access to electricity (% of population),EG.ELC.ACCS.ZS,,,,,,,,,,,,,,,,,,,,,,,,,,,,,,,,,3.2,1.553555846,2.013661385,2.471727133,2.927073479,3.379020214,3.826887608,4.26991272,4.8,5.2,5.6,6.2,6.9,6.6,3.7,7.4,7.8,8.3,8.7,7.6,7.4,9,11.9,10.8,11,12.7,18,11.2,11.5,14.2,14,15.6,
Malaysia,MYS,Access to electricity (% of population),EG.ELC.ACCS.ZS,,,,,,,,,,,,,,,,,,,,,,,,,,,,,,,,,,,,,,,,,98.6,98.6,98.6,98.7,98.7,98.7,98.8,98.9,99,99.3,99.5,99.5,99.8,99.6,99.7,99.9,99.9,100,100,100,100,100,100,100,
North America,NAC,Access to electricity (% of population),EG.ELC.ACCS.ZS,,,,,,,,,,,,,,,,,,,,,,,,,,,,,,,100,100,100,100,100,100,100,100,100,100,100,100,100,100,100,100,100,100,100,100,100,100,100,100,100,100,100,100,100,100,100,100,100,100,
Namibia,NAM,Access to electricity (% of population),EG.ELC.ACCS.ZS,,,,,,,,,,,,,,,,,,,,,,,,,,,,,,,,,26.4,27,28.93258858,29.95214844,30.96898842,31.9824295,32.99179077,33.99631119,36.5,36,36.9,37.8,38.7,39.6,40.5,43.7,42.4,44.1,44.4,42.3,46.4,47.4,48.4,51.6,49.7,52.5,52.3,53.3,52.3,55.2,56.2,56.7,
New Caledonia,NCL,Access to electricity (% of population),EG.ELC.ACCS.ZS,,,,,,,,,,,,,,,,,,,,,,,,,,,,,,,99.84430695,99.87581635,99.90686798,99.93725586,99.96508026,100,100,100,100,100,100,100,100,100,100,100,100,100,100,100,100,100,100,100,100,100,100,100,100,100,100,100,100,100,
Niger,NER,Access to electricity (% of population),EG.ELC.ACCS.ZS,,,,,,,,,,,,,,,,,,,,,,,,,,,,,,,,,4.4,4.012139797,4.57177639,6.2,7,6.235727787,6.7,7.325682163,6.5,8.4,8.8,9.3,9.7,7.1,9.3,11.2,11.8,12.3,13.6,14.3,14.4,15.2,15.7,16.6,17,17.6,17.6,18.5,18.7,18.6,19.5,20.1,
Nigeria,NGA,Access to electricity (% of population),EG.ELC.ACCS.ZS,,,,,,,,,,,,,,,,,,,,,,,,,,,,,,,27.3,35.23460007,36.0994606,36.96364594,37.82646942,38.68725204,39.5453186,40.39998245,41.25056839,44.9,43.2,43.9,44.6,52.2,46.1,46.8,47.6,50.1,50.3,50,48,55.9,53,55.6,54.2,52.5,59.3,54.4,56.5,55.4,55.4,59.5,60.5,61.2,
Nicaragua,NIC,Access to electricity (% of population),EG.ELC.ACCS.ZS,,,,,,,,,,,,,,,,,,,,,,,,,,,,,,,,,,72.064174,69.25382996,69.84990692,70.44326019,71.03321075,69.047103,72.20012665,73,72.2,74.1,74.6,75.2,73.8,76.3,76.9,77.5,77.9,80.1,81.2,81.3,81.9,81.9,83.2,83.9,84.6,85.2,85.7,86,86.3,86.5,88.3,
Netherlands,NLD,Access to electricity (% of population),EG.ELC.ACCS.ZS,,,,,,,,,,,,,,,,,,,,,,,,,,,,,,,100,100,100,100,100,100,100,100,100,100,100,100,100,100,100,100,100,100,100,100,100,100,100,100,100,100,100,100,100,100,100,100,100,100,
Norway,NOR,Access to electricity (% of population),EG.ELC.ACCS.ZS,,,,,,,,,,,,,,,,,,,,,,,,,,,,,,,100,100,100,100,100,100,100,100,100,100,100,100,100,100,100,100,100,100,100,100,100,100,100,100,100,100,100,100,100,100,100,100,100,100,
Nepal,NPL,Access to electricity (% of population),EG.ELC.ACCS.ZS,,,,,,,,,,,,,,,,,,,,,,,,,,,,,,,,,,,,,17.9,18.13286781,21.7325325,25.32735443,29.9,24.6,36.4,39.6,37.2,46.1,51.2,52.6,56,59.3,68.6,67.3,75.2,77.4,84.9,82,90.7,86.6,93.9,89.9,89.9,89.9,91.3,94,
Nauru,NRU,Access to electricity (% of population),EG.ELC.ACCS.ZS,,,,,,,,,,,,,,,,,,,,,,,,,,,,,,,98.99908447,99.04130554,99.0834198,99.12485504,99.16492462,99.20295715,99.23826599,99.27017975,99.29801178,99.32100677,99.1,99,99,99,99,99,99,99.8,99.1,99.1,99.2,99,99.4,99.4,99.5,99,99.7,99.8,99.9,100,100,100,100,100,
New Zealand,NZL,Access to electricity (% of population),EG.ELC.ACCS.ZS,,,,,,,,,,,,,,,,,,,,,,,,,,,,,,,100,100,100,100,100,100,100,100,100,100,100,100,100,100,100,100,100,100,100,100,100,100,100,100,100,100,100,100,100,100,100,100,100,100,
OECD members,OED,Access to electricity (% of population),EG.ELC.ACCS.ZS,,,,,,,,,,,,,,,,,,,,,,,,,,,,,,,99.54780133,99.64542839,99.12582123,99.32417575,99.31324207,99.31439911,99.3918576,99.42387724,99.42115015,99.47435657,99.63552913,99.66052259,99.60349559,99.58272084,99.66622877,99.73907344,99.73965268,99.62878553,99.74396479,99.69177276,99.80762621,99.78721169,99.81294677,99.83503167,99.84802588,99.83935774,99.89593701,99.94085903,99.89877343,99.94007291,99.93298036,100,100,99.92298052,
Oman,OMN,Access to electricity (% of population),EG.ELC.ACCS.ZS,,,,,,,,,,,,,,,,,,,,,,,,,,,,,,,100,100,100,100,100,100,100,100,100,100,100,100,100,100,100,99.9,99.9,100,100,100,100,100,100,100,100,100,100,100,100,100,100,100,100,100,
Other small states,OSS,Access to electricity (% of population),EG.ELC.ACCS.ZS,,,,,,,,,,,,,,,,,,,,,,,,,,,,,,,,,,,,,,,,,71.11939343,72.86553764,72.12594486,73.16953701,74.5260416,75.79847568,76.18270984,77.65738509,78.4662641,78.92121986,79.84327786,82.3763169,83.2159663,84.06874578,85.54369196,86.45203305,87.85440413,89.32800269,90.47245307,91.80355131,92.8384985,93.85607282,93.96053178,94.50407607,
Pakistan,PAK,Access to electricity (% of population),EG.ELC.ACCS.ZS,,,,,,,,,,,,,,,,,,,,,,,,,,,,,,,,,,,,,,,70.46,70.26535034,72.8,73.9,74.9,76,77,78.1,79.1,80.2,81.4,82.5,87.1,87.8,88.6,89.3,90.1,91,91.8,92.7,93.4,93.9,94.5,94.9,95,95.6,
Panama,PAN,Access to electricity (% of population),EG.ELC.ACCS.ZS,,,,,,,,,,,,,,,,,,,,,,,,,,,,,,,70.19,73.44313049,74.25563812,75.06745911,75.87792206,76.68634033,77.49204254,78.29434967,79.09257507,79.88595581,81.4,81.5,82.1,87.8,83.4,84.1,84.8,85.5,86.3,87,86.9,88.6,89.3,89.1,90.8,91.6,92.4,93.7,93.8,93.9,95.3,95.3,95,97,
Peru,PER,Access to electricity (% of population),EG.ELC.ACCS.ZS,,,,,,,,,,,,,,,,,,,,,,,,,,,,,,,,,70.1,64.74899292,66.05293274,67.35483551,67,69.16024,72.072063,74.078523,72.5,72.1,74.4,74.4,75.7,77.2,80.2,82,84.7,86.4,88.1,89.7,91.1,92.1,92.9,93.9,94.2,94.8,95.2,95.6,96.2,95.6,96.2,96.2,
Philippines,PHL,Access to electricity (% of population),EG.ELC.ACCS.ZS,,,,,,,,,,,,,,,,,,,,,,,,,,,,,,,,,,65.4,68.01855469,69.13311768,70.24495697,71.35339355,71.3,71.87417093,74.7,75.7,76.7,76.6,87.6,79.8,80.2,82,83.3,84.3,85.5,87.2,87.1,87.5,89.8,89.1,92,93,94.2,95.3,96.4,97.5,94.8,98,
Palau,PLW,Access to electricity (% of population),EG.ELC.ACCS.ZS,,,,,,,,,,,,,,,,,,,,,,,,,,,,,,,96.62535095,96.76270294,96.89993286,97.03649139,97.17168427,97.30484009,97.43527222,97.56230927,97.68526459,97.80337524,97.9,98,98,98.1,98.1,98.9,98.3,98.4,98.5,98.6,98.8,98.9,97.6,99.2,99.8,99.5,100,100,100,100,100,100,100,100,
Papua New Guinea,PNG,Access to electricity (% of population),EG.ELC.ACCS.ZS,,,,,,,,,,,,,,,,,,,,,,,,,,,,,,,,,,,,,11,2.158482552,4.295089722,6.426855087,12.4,12.7,13.1,13.4,13.8,14.1,12.4,14.9,15.3,17.2,19.5,17.3,17.5,17.8,18.1,18.4,13.5,19.2,16.6,23.6,20.5,20.9,19,20.5,
Poland,POL,Access to electricity (% of population),EG.ELC.ACCS.ZS,,,,,,,,,,,,,,,,,,,,,,,,,,,,,,,100,100,100,100,100,100,100,100,100,100,100,100,100,99.9,99.9,99.8,99.8,99.8,99.8,100,100,100,100,100,100,100,100,100,100,100,100,100,100,100,
Pre-demographic dividend,PRE,Access to electricity (% of population),EG.ELC.ACCS.ZS,,,,,,,,,,,,,,,,,,,,,,,,,,,,,,,,,,,,,,23.08581439,23.77131529,25.02690964,24.8722822,26.18499097,27.01187946,29.50311815,29.01437674,29.75295059,31.01999119,32.35319722,32.15834293,32.23956111,32.71960372,36.12314074,37.50160109,38.41112442,39.89404026,40.11966867,44.67187001,44.3587802,47.10553748,47.58916499,48.38657662,50.5171179,51.14331917,52.53098832,
Puerto Rico (US),PRI,Access to electricity (% of population),EG.ELC.ACCS.ZS,,,,,,,,,,,,,,,,,,,,,,,,,,,,,,,99.98342896,99.9930954,99.99861908,100,100,100,100,100,100,100,100,100,100,100,100,100,100,100,100,100,100,100,100,100,100,100,100,100,100,100,100,100,100,100,
"Korea, Dem. People's Rep.",PRK,Access to electricity (% of population),EG.ELC.ACCS.ZS,,,,,,,,,,,,,,,,,,,,,,,,,,,,,,,,,,,,,,,,,,,,,,,,,,26,29.3,31.4,33.6,35.7,37.8,40,42.1,44.2,46.3,48.4,50.5,52.6,54.7,57.5,
Portugal,PRT,Access to electricity (% of population),EG.ELC.ACCS.ZS,,,,,,,,,,,,,,,,,,,,,,,,,,,,,,,100,100,100,100,100,100,100,100,100,100,100,100,100,100,100,100,100,100,100,100,100,100,100,100,100,100,100,100,100,100,100,100,100,100,
Paraguay,PRY,Access to electricity (% of population),EG.ELC.ACCS.ZS,,,,,,,,,,,,,,,,,,,,,,,,,,,,,,,,,,,,77.469114,86.26005554,86.412854,87.76236725,88.518177,89.6,91,91.7,92.6,93.2,94.7,96.7,96.5,96.7,96.9,97.4,98.2,97.8,99,99,99.3,98.4,99.3,99.6,99.7,99.7,100,100,99.8,
West Bank and Gaza,PSE,Access to electricity (% of population),EG.ELC.ACCS.ZS,,,,,,,,,,,,,,,,,,,,,,,,,,,,,,,,,,,,,,97.9,98.53929901,98.62315369,99.7,99.1,99.2,99.1,99.5,99.6,99.7,98.8,99.8,99.9,99.9,99.7,99.8,99.9,99.9,99.9,100,99.9,100,100,100,100,100,100,
Pacific island small states,PSS,Access to electricity (% of population),EG.ELC.ACCS.ZS,,,,,,,,,,,,,,,,,,,,,,,,,,,,,,,,,,,,,,,,56.91142468,55.28751808,56.63281344,58.33324793,59.4337402,60.61865785,62.24143705,61.66711468,63.93769294,67.26129946,64.82018974,71.79612527,72.80445823,73.83164605,72.66179843,76.57540311,78.5477895,79.90834226,82.10417347,82.69782731,84.34343509,86.19398113,85.67081782,85.79238851,88.87057136,
Post-demographic dividend,PST,Access to electricity (% of population),EG.ELC.ACCS.ZS,,,,,,,,,,,,,,,,,,,,,,,,,,,,,,,99.99439659,99.99575062,99.9970938,99.99833995,99.99926302,99.99976752,99.99977598,99.99978449,99.99979327,99.99980232,99.71501664,99.72555931,99.73160072,99.75554511,99.7721994,99.80642107,99.80278596,99.83049775,99.84326553,99.86221011,99.88015241,99.89275861,99.90294653,99.91888373,99.93205567,99.94473419,99.95778167,99.97112258,99.98216444,99.99324253,99.99724013,99.99883445,100,100,
French Polynesia,PYF,Access to electricity (% of population),EG.ELC.ACCS.ZS,,,,,,,,,,,,,,,,,,,,,,,,,,,,,,,100,100,100,100,100,100,100,100,100,100,100,100,100,100,100,100,100,100,100,100,100,100,100,100,100,100,100,100,100,100,100,100,100,100,
Qatar,QAT,Access to electricity (% of population),EG.ELC.ACCS.ZS,,,,,,,,,,,,,,,,,,,,,,,,,,,,,,,100,100,100,100,100,100,100,100,100,100,100,100,100,100,100,100,100,100,100,100,100,100,100,100,100,100,100,100,100,100,100,100,100,100,
Romania,ROU,Access to electricity (% of population),EG.ELC.ACCS.ZS,,,,,,,,,,,,,,,,,,,,,,,,,,,,,,,100,100,100,100,100,100,100,100,100,100,94.4,94.6,94.9,95.1,95.3,95.6,95.9,96.1,96.5,96.8,97.1,97.4,97.8,98.1,98.4,98.8,99.1,100,99.8,100,100,100,100,100,
Russian Federation,RUS,Access to electricity (% of population),EG.ELC.ACCS.ZS,,,,,,,,,,,,,,,,,,,,,,,,,,,,,,,100,100,100,100,100,100,100,100,100,100,97.8,97.9,97.9,97.9,98,98,98.1,98.2,98.3,98.4,99.3,99.2,100,100,100,95.5,99.4,100,100,99.8,99.9,100,100,100,
Rwanda,RWA,Access to electricity (% of population),EG.ELC.ACCS.ZS,,,,,,,,,,,,,,,,,,,,,,,,,,,,,,,,,2.3,,,,,1.027835965,2.174127579,3.31557703,6.2,4.7,6,7.4,8.7,4.8,11.4,12.8,6,15.6,9.7,10.8,17.5,15.2,19.8,22.8,29.4,34.1,38,46.6,45.2,48.7,50.6,63.9,
South Asia,SAS,Access to electricity (% of population),EG.ELC.ACCS.ZS,,,,,,,,,,,,,,,,,,,,,,,,,,,,,,,,,,46.56398397,46.1821835,47.66468219,48.76649927,50.29601049,52.23037388,56.0177412,56.76647292,58.34852132,59.41578398,62.34110306,61.48428303,65.85364602,65.92504522,69.28488186,71.77825887,72.9865861,74.07657363,77.30916516,78.41954445,80.8474532,82.84802243,86.53277846,88.31844804,91.39837283,94.81920241,95.4698954,96.40136174,99.36931291,99.08951147,99.40878897,
Saudi Arabia,SAU,Access to electricity (% of population),EG.ELC.ACCS.ZS,,,,,,,,,,,,,,,,,,,,,,,,,,,,,,,100,100,100,100,100,100,100,100,100,100,100,100,100,100,100,100,100,100,100,100,100,100,100,100,100,100,99.9,100,99.9,100,100,100,100,100,
Sudan,SDN,Access to electricity (% of population),EG.ELC.ACCS.ZS,,,,,,,,,,,,,,,,,,,,,,,,,,,,,,,32.8,26.91929436,27.4086132,27.89725304,28.38453484,28.8697834,29.3523159,29.83145714,30.30652809,30.77675629,23,29.4,29.7,29.9,30.2,30.5,30.8,31.1,20,29,36,38.3,40.7,43.1,44.9,48,50.5,53,55.3,57.6,59.7,61.8,63.2,66,
Senegal,SEN,Access to electricity (% of population),EG.ELC.ACCS.ZS,,,,,,,,,,,,,,,,,,,,,,,,,,,,,,,,,,26,27.19048691,28.85719109,30.52117729,32.2,33.83826828,36.2,37.7,38.9,36.8,41.9,36.8,47.1,49.9,48.1,49.7,53.5,56.5,56.5,56.5,57,61,60.5,64.5,61.7,66,70.4,64.3,68,67.9,74.2,
Singapore,SGP,Access to electricity (% of population),EG.ELC.ACCS.ZS,,,,,,,,,,,,,,,,,,,,,,,,,,,,,,,100,100,100,100,100,100,100,100,100,100,100,100,100,100,100,100,100,100,100,100,100,100,100,100,100,100,100,100,100,100,100,100,100,100,
Solomon Islands,SLB,Access to electricity (% of population),EG.ELC.ACCS.ZS,,,,,,,,,,,,,,,,,,,,,,,,,,,,,,,,,,,,,,,,15.7,4.7,7.6,10.5,13.4,16.3,19.2,14.4,12.9,28.1,21.2,35.4,39.1,42.9,44.7,50.5,55.1,58.2,62.9,65.8,69.4,72.9,76.3,76,81.3,
Sierra Leone,SLE,Access to electricity (% of population),EG.ELC.ACCS.ZS,,,,,,,,,,,,,,,,,,,,,,,,,,,,,,,,,,,,,,,,,7.7,8.5,9.2,9.9,16.8,11.3,12.2,13,12.1,14.6,11.5,14.2,17.2,13.5,18.8,19.7,20.3,23.4,26.1,22.7,26.3,27.5,29.4,35.5,
El Salvador,SLV,Access to electricity (% of population),EG.ELC.ACCS.ZS,,,,,,,,,,,,,,,,,,,,,,,,,,,,,,,,69.60788,75.33219147,76.27613831,77.21871948,76.995504,77.883,80.03151703,81.637983,79.129592,84.5,87.1,87.5,87,87.4,87.5,89.2,91.1,91,91.1,91.6,92.6,93.7,95,95.1,95.4,96,96.8,97,97.4,99.7,97.9,100,98.3,
San Marino,SMR,Access to electricity (% of population),EG.ELC.ACCS.ZS,,,,,,,,,,,,,,,,,,,,,,,,,,,,,,,100,100,100,100,100,100,100,100,100,100,100,100,100,100,100,100,100,100,100,100,100,100,100,100,100,100,100,100,100,100,100,100,100,100,
Somalia,SOM,Access to electricity (% of population),EG.ELC.ACCS.ZS,,,,,,,,,,,,,,,,,,,,,,,,,,,,,,,,,,,,,,,,,2.1,4.7,7.4,9.8,12.4,15,15.2,20.2,22.9,25.5,52.3,52,51.8,51.5,51.4,51.2,51.1,52.1,50.7,49.2,49.9,49.3,48.9,50.3,
Serbia,SRB,Access to electricity (% of population),EG.ELC.ACCS.ZS,,,,,,,,,,,,,,,,,,,,,,,,,,,,,,,100,100,100,100,100,100,100,100,100,100,99.9,99.8,100,99.7,99.6,99.7,99.6,99.6,99.6,99.6,99.7,99.7,99.8,99.9,99.7,99.9,99.9,100,100,99.8,100,100,100,100,
Sub-Saharan Africa (excluding high income),SSA,Access to electricity (% of population),EG.ELC.ACCS.ZS,,,,,,,,,,,,,,,,,,,,,,,,,,,,,,,,,,,,,28.50055147,28.35284652,28.54922449,30.12928047,27.14392648,27.94217377,29.06271518,31.4003762,30.96589469,31.08793481,32.62793505,33.88208741,33.56542413,33.62356091,34.21042533,37.3485816,37.64724678,38.8415745,39.60594587,40.34340266,43.92947423,43.69661063,46.59412221,47.1016224,48.25085173,50.25017323,51.1489934,53.00748173,
South Sudan,SSD,Access to electricity (% of population),EG.ELC.ACCS.ZS,,,,,,,,,,,,,,,,,,,,,,,,,,,,,,,,,,,,,,,,,,,,,,,,0.8,1.3,3,1.5,2.8,3.3,3.8,4.3,4.8,5.3,4.2,6.3,6.8,7.3,7.7,8.4,5.4,
Sub-Saharan Africa,SSF,Access to electricity (% of population),EG.ELC.ACCS.ZS,,,,,,,,,,,,,,,,,,,,,,,,,,,,,,,,,,,,,28.51238438,28.36363368,28.55988061,30.13950698,25.70077373,26.1606628,27.33648355,29.59289621,29.3700291,29.35296297,31.20164319,32.51798775,32.40335211,32.62644865,33.33524759,35.90081971,36.77627787,38.0320042,38.35447693,39.19965002,43.83016514,43.76281946,46.41667524,47.19741682,48.54503895,50.65664486,51.58737758,53.2563309,
Small states,SST,Access to electricity (% of population),EG.ELC.ACCS.ZS,,,,,,,,,,,,,,,,,,,,,,,,,,,,,,,,,,,,,,,,83.67551125,73.40587093,75.15456809,74.96802473,75.79165396,76.84969252,77.67836763,78.10067714,79.58073493,80.59506892,80.42298264,82.19972974,83.90624071,84.82433106,85.27048085,86.77356378,87.68139289,88.84867134,90.15502785,90.96473354,92.09192228,93.11959458,93.74681794,93.85222364,94.79996104,
Sao Tome and Principe,STP,Access to electricity (% of population),EG.ELC.ACCS.ZS,,,,,,,,,,,,,,,,,,,,,,,,,,,,,,,,,,,,,,,,,52.9,51.5,52.5,53.6,54.7,55.8,56.9,58,59.1,56.9,61.4,62.6,57.9,65,68.6,67.3,69.4,74.3,71,75.1,76.8,78.5,78,81.3,
Suriname,SUR,Access to electricity (% of population),EG.ELC.ACCS.ZS,,,,,,,,,,,,,,,,,,,,,,,,,,,,,,,,,,,,,,,,99.62406,95.4,95.3,95.2,95.1,95,94.9,91,94.7,94.7,94.6,91.2,94.6,94.6,94.6,94.6,95,95.8,96.6,97.4,97.9,98.4,98.8,99,99.6,
Slovak Republic,SVK,Access to electricity (% of population),EG.ELC.ACCS.ZS,,,,,,,,,,,,,,,,,,,,,,,,,,,,,,,100,100,100,100,100,100,100,100,100,100,100,100,100,100,100,99.9,99.9,100,100,100,100,100,100,100,100,100,100,100,100,100,100,100,100,100,
Slovenia,SVN,Access to electricity (% of population),EG.ELC.ACCS.ZS,,,,,,,,,,,,,,,,,,,,,,,,,,,,,,,100,100,100,100,100,100,100,100,100,100,100,100,100,100,100,100,100,100,100,100,100,100,100,100,100,100,100,100,100,100,100,100,100,100,
Sweden,SWE,Access to electricity (% of population),EG.ELC.ACCS.ZS,,,,,,,,,,,,,,,,,,,,,,,,,,,,,,,100,100,100,100,100,100,100,100,100,100,100,100,100,100,100,100,100,100,100,100,100,100,100,100,100,100,100,100,100,100,100,100,100,100,
Eswatini,SWZ,Access to electricity (% of population),EG.ELC.ACCS.ZS,,,,,,,,,,,,,,,,,,,,,,,,,,,,,,,,,,,,,,,,,20.4,26.9,25.9,28.7,31.4,34.2,35.2,39.8,42.6,38.6,45.6,51.2,54.3,57.5,65,64.1,63.4,73.5,74,77,80,82.9,82.3,86.4,
Sint Maarten (Dutch part),SXM,Access to electricity (% of population),EG.ELC.ACCS.ZS,,,,,,,,,,,,,,,,,,,,,,,,,,,,,,,100,100,100,100,100,100,100,100,100,100,100,99.9,99.9,99.8,99.8,99.7,99.7,99.7,99.7,99.7,100,100,100,100,100,100,100,100,100,100,100,100,100,100,
Seychelles,SYC,Access to electricity (% of population),EG.ELC.ACCS.ZS,,,,,,,,,,,,,,,,,,,,,,,,,,,,,,,,,,,90,92.17365265,92.55249023,92,93.29929352,93.66580963,94.1,94.4,96.1,94.9,95.2,95.5,99,96.1,96.5,96.8,97,98.1,98.3,98,100,100,100,100,100,100,100,100,100,100,
Syrian Arab Republic,SYR,Access to electricity (% of population),EG.ELC.ACCS.ZS,,,,,,,,,,,,,,,,,,,,,,,,,,,,,,,,,,,,,,,,,93.4,93.1,86.6,92.6,92.3,92,99.5,91.5,91.3,91.1,92.7,91.5,90.7,90.4,90.2,90,89.8,89.6,86,89.2,89,88.8,89,88.4,
Turks and Caicos Islands,TCA,Access to electricity (% of population),EG.ELC.ACCS.ZS,,,,,,,,,,,,,,,,,,,,,,,,,,,,,,,88.7,91.0539093,91.43911743,91.82364655,92.20681763,92.58794403,92.96634674,93.341362,93.7122879,94.07837677,95.6,94.9,95.2,95.4,95.7,96,96.2,96.6,96.9,100,100,100,93.1,100,100,100,100,100,100,100,99.4,100,99.9,100,
Chad,TCD,Access to electricity (% of population),EG.ELC.ACCS.ZS,,,,,,,,,,,,,,,,,,,,,,,,,,,,,,,,,,,,,,2.3,2.420387268,2.806213379,3.1,3.4,3.8,4.1,3.5,4.8,5.1,5.5,5.9,6.3,6.4,9,7.8,8.1,8.4,7.7,9.2,10.9,10.1,8.4,10.9,11.3,11.7,12,
East Asia & Pacific (IDA & IBRD countries),TEA,Access to electricity (% of population),EG.ELC.ACCS.ZS,,,,,,,,,,,,,,,,,,,,,,,,,,,,,,,,,,,,,,,,,91.13826179,91.67991579,92.15337322,92.37814488,93.26615059,92.84539737,94.041526,94.05146355,94.67199205,95.30785237,95.89860188,96.40188924,96.58659087,96.85831263,97.01274231,97.33504701,97.40263924,98.11218937,98.05122975,98.26479012,98.15217125,98.5259378,98.56874684,98.74744241,
Europe & Central Asia (IDA & IBRD countries),TEC,Access to electricity (% of population),EG.ELC.ACCS.ZS,,,,,,,,,,,,,,,,,,,,,,,,,,,,,,,100,100,100,100,100,99.99482833,99.93465104,99.92169766,99.92636492,99.71583534,98.25472759,98.35052089,98.42382739,98.43806329,98.48664116,98.56828715,98.60871612,98.72469062,98.81322001,98.92752319,99.32870496,99.32692449,99.65469883,99.69791862,99.75165403,98.33244392,99.65750373,99.92821777,99.94156199,99.90697736,99.95209896,99.97640377,99.995446,100,
Togo,TGO,Access to electricity (% of population),EG.ELC.ACCS.ZS,,,,,,,,,,,,,,,,,,,,,,,,,,,,,,,,,,,,,,,15.3,16.07299995,17,19.6,21.3,23,24.8,26.5,27.9,30,31.8,33.7,30.8,39.7,39.1,41,45.7,44.7,46.8,48,50,52.5,54.1,55.7,57.2,59.2,
Thailand,THA,Access to electricity (% of population),EG.ELC.ACCS.ZS,,,,,,,,,,,,,,,,,,,,,,,,,,,,,,,,,,,,,,,,,82.1,90.4,91,91.6,92.2,92.8,99.1,94.1,94.8,99,99.7,99.3,99.1,99.4,99.5,99.6,99.9,99.9,99.8,99.9,100,100,99.9,100,
Tajikistan,TJK,Access to electricity (% of population),EG.ELC.ACCS.ZS,,,,,,,,,,,,,,,,,,,,,,,,,,,,,,,,,,,,,,,,97,98.5,98.6,99,100,98.5,99.3,98.6,98.6,98.6,99,98.8,98.9,99.1,99,99.1,98,99.3,99.3,99.3,99.4,99.5,99.6,100,100,
Turkmenistan,TKM,Access to electricity (% of population),EG.ELC.ACCS.ZS,,,,,,,,,,,,,,,,,,,,,,,,,,,,,,,,,,,,,,,,,99.6,99.6,99.6,99.6,99.5,99.5,99.8,99.6,99.6,99.7,100,99.8,99.9,99.9,100,100,100,100,100,99.9,100,100,100,100,
Latin America & the Caribbean (IDA & IBRD countries),TLA,Access to electricity (% of population),EG.ELC.ACCS.ZS,,,,,,,,,,,,,,,,,,,,,,,,,,,,,,,,,88.61375081,89.2315014,90.13905607,88.51182493,89.47651129,89.93608369,90.56022525,91.17632589,91.54650237,92.17949511,92.52894266,92.59441262,93.08882071,93.39859198,94.15606387,94.37673132,95.14175886,95.34593228,95.80892074,96.11822403,96.50924572,96.8091783,97.0005517,97.23239205,97.42808935,97.66334028,97.70788479,97.95220215,98.10645325,98.23380836,98.54487992,98.38524912,
Timor-Leste,TLS,Access to electricity (% of population),EG.ELC.ACCS.ZS,,,,,,,,,,,,,,,,,,,,,,,,,,,,,,,,,,,,,,,,,17.8,25.6,24.1,27.7,30.4,33.5,36.7,36.6,43.1,46.3,38,52.7,56,59.2,62.4,67.3,76.5,79.5,85.2,90.6,96,100,99.7,100,
"Middle East, North Africa, Afghanistan & Pakistan (IDA & IBRD)",TMN,Access to electricity (% of population),EG.ELC.ACCS.ZS,,,,,,,,,,,,,,,,,,,,,,,,,,,,,,,,,,,,,,,,,81.25366787,81.99581077,82.32660338,83.35984605,83.76669732,84.80546109,86.62255189,86.05026858,87.03986175,87.72245738,89.71863642,89.93898929,91.09637549,92.49176288,93.45245776,92.77991064,94.66885851,95.59381365,94.47157482,95.61354565,95.88885617,96.068126,95.45169819,96.05749468,
Tonga,TON,Access to electricity (% of population),EG.ELC.ACCS.ZS,,,,,,,,,,,,,,,,,,,,,,,,,,,,,,,,,,,80,81.78847504,82.55436707,83.31685638,84.07527161,84.82884216,85.6,86.3,87,87.6,88.3,89,92.3,90.5,91.2,92,92.8,92.2,92.8,95.1,95.9,100,97,98.2,99,98.4,99.9,100,100,100,
South Asia (IDA & IBRD),TSA,Access to electricity (% of population),EG.ELC.ACCS.ZS,,,,,,,,,,,,,,,,,,,,,,,,,,,,,,,,,,46.56398397,46.1821835,47.66468219,48.76649927,50.29601049,52.23037388,56.0177412,56.76647292,58.34852132,59.41578398,62.34110306,61.48428303,65.85364602,65.92504522,69.28488186,71.77825887,72.9865861,74.07657363,77.30916516,78.41954445,80.8474532,82.84802243,86.53277846,88.31844804,91.39837283,94.81920241,95.4698954,96.40136174,99.36931291,99.08951147,99.40878897,
Sub-Saharan Africa (IDA & IBRD countries),TSS,Access to electricity (% of population),EG.ELC.ACCS.ZS,,,,,,,,,,,,,,,,,,,,,,,,,,,,,,,,,,,,,28.51238438,28.36363368,28.55988061,30.13950698,25.70077373,26.1606628,27.33648355,29.59289621,29.3700291,29.35296297,31.20164319,32.51798775,32.40335211,32.62644865,33.33524759,35.90081971,36.77627787,38.0320042,38.35447693,39.19965002,43.83016514,43.76281946,46.41667524,47.19741682,48.54503895,50.65664486,51.58737758,53.2563309,
Trinidad and Tobago,TTO,Access to electricity (% of population),EG.ELC.ACCS.ZS,,,,,,,,,,,,,,,,,,,,,,,,,,,,,,,,,,,,,,,,,91.3,96.3,96.5,96.7,96.8,95,100,100,100,99,100,97.5,100,100,100,100,100,100,100,100,100,100,100,98.7,
Tunisia,TUN,Access to electricity (% of population),EG.ELC.ACCS.ZS,,,,,,,,,,,,,,,,,,,,,,,,,,,,,,,,,,,86.8,88.7,90.4,92,93.2,94.2,94.8,97.3,97.8,98.4,99,99.2,99.4,99.4,99.4,99.5,99.5,99.5,99.5,99.7,99.8,99.9,100,100,99.8,100,99.9,99.9,100,100,
Turkiye,TUR,Access to electricity (% of population),EG.ELC.ACCS.ZS,,,,,,,,,,,,,,,,,,,,,,,,,,,,,,,,,,,,,,,,,99.9,99.9,99.8,99.8,99.7,99.7,99.7,99.7,99.7,99.7,100,100,100,100,100,100,100,100,100,100,100,100,100,100,
Tuvalu,TUV,Access to electricity (% of population),EG.ELC.ACCS.ZS,,,,,,,,,,,,,,,,,,,,,,,,,,,,,,,,,,,,,,,,,94.6,94.8,94.6,95.1,95.3,95.5,95.7,96.7,96.2,96.5,96.7,97,97.7,97.6,97.9,98.1,97.3,98.7,99,99.7,99.4,99.7,100,100,
Tanzania,TZA,Access to electricity (% of population),EG.ELC.ACCS.ZS,,,,,,,,,,,,,,,,,,,,,,,,,,,,,,,,,6.8,2.330187798,3.300647259,4.269067287,9.4,6.197068214,7.15528965,8,8.7,9.7,10.7,11.1,11.4,13.8,14.9,15.9,11.5,11.2,14.8,14.2,15.3,16.4,23.5,26.2,32.8,32.1,34.9,37.7,39.9,42.7,45.8,48.3,
Uganda,UGA,Access to electricity (% of population),EG.ELC.ACCS.ZS,,,,,,,,,,,,,,,,,,,,,,,,,,,,,,,,5.6,,,0.533898532,6.8,2.811104298,3.94494772,5.0747118,6.199634075,7.4,8.6,7.8,10.5,11.6,8.9,9,14.8,15.9,10,12.1,14.6,20.5,13.9,20.4,18.5,26.7,32.4,41.9,41.3,42.1,45.2,47.1,51.5,
Ukraine,UKR,Access to electricity (% of population),EG.ELC.ACCS.ZS,,,,,,,,,,,,,,,,,,,,,,,,,,,,,,,100,100,100,100,100,100,100,100,100,100,99.1,99.2,99.3,99.3,99.4,99.9,99.5,99.8,99.8,99.9,100,100,99.9,100,100,100,100,100,100,100,100,100,100,100,
Upper middle income,UMC,Access to electricity (% of population),EG.ELC.ACCS.ZS,,,,,,,,,,,,,,,,,,,,,,,,,,,,,,,,,,,,,,,,,94.36023547,94.84647488,95.29996665,95.50854233,95.87572213,95.7242685,96.6830834,96.83123523,97.30069391,97.71155952,98.20126832,98.41569974,98.6508047,98.81642964,98.91853577,98.99840683,99.03455389,99.16088789,99.17968588,99.27720182,99.21766388,99.43570231,99.50892894,99.42868247,
Uruguay,URY,Access to electricity (% of population),EG.ELC.ACCS.ZS,,,,,,,,,,,,,,,,,,,,,,,,,,,,,,,,,96.18231201,96.36306,96.54244995,96.71979523,95.9,97.06565094,97.23280334,97.39511108,97.6,97.7,97.8,97.9,98,98,98.5,98.7,98.8,99.1,99.3,99.2,99.6,99.6,99.7,99.7,99.7,99.8,99.8,99.9,100,100,100,100,
United States,USA,Access to electricity (% of population),EG.ELC.ACCS.ZS,,,,,,,,,,,,,,,,,,,,,,,,,,,,,,,100,100,100,100,100,100,100,100,100,100,100,100,100,100,100,100,100,100,100,100,100,100,100,100,100,100,100,100,100,100,100,100,100,100,
Uzbekistan,UZB,Access to electricity (% of population),EG.ELC.ACCS.ZS,,,,,,,,,,,,,,,,,,,,,,,,,,,,,,,,,,,,,99.6,99.37974548,99.44934845,99.51411438,99.6,99.6,99.7,99.5,99.5,99.4,99.5,99.5,99.5,99.5,99.6,99.7,99.7,99.8,99.8,99.9,99.9,100,100,100,100,99.9,100,100,
St. Vincent and the Grenadines,VCT,Access to electricity (% of population),EG.ELC.ACCS.ZS,,,,,,,,,,,,,,,,,,,,,,,,,,,,,,,,66.8,69.11443329,70.46484375,71.81389618,73.16090393,74.50520325,75.84609222,77.1829071,78.51487732,80,82.4,82.4,83.7,84.9,86.2,87.5,88.8,90.1,91.4,92.7,94.1,95.4,96.8,98.1,99.4,99.7,100,100,100,100,100,100,100,
"Venezuela, RB",VEN,Access to electricity (% of population),EG.ELC.ACCS.ZS,,,,,,,,,,,,,,,,,,,,,,,,,,,,,,,,,97.820203,98.23953247,98.32333374,99,98.48413086,98.7,98.4,98.9,98.9,99.9,99.8,95.7,99.1,98.8,99.3,98.9,98.9,99,99.1,98.8,99.3,99.4,100,100,99.4,99.2,99.9,99.8,99.9,100,100,100,
British Virgin Islands,VGB,Access to electricity (% of population),EG.ELC.ACCS.ZS,,,,,,,,,,,,,,,,,,,,,,,,,,,,,,,94.60655975,94.82473755,95.0428009,95.26019287,95.47621918,95.69020081,95.901474,96.10933685,96.31312561,96.51207733,97.1,97.2,97.3,97.4,97.5,97.6,97.8,97.9,98.1,98.3,98.3,98.7,98.9,99.1,99.2,100,100,100,100,100,100,100,100,100,
Virgin Islands (U.S.),VIR,Access to electricity (% of population),EG.ELC.ACCS.ZS,,,,,,,,,,,,,,,,,,,,,,,,,,,,,,,100,100,100,100,100,100,100,100,100,100,100,100,100,100,100,100,100,100,100,100,100,100,100,100,100,100,100,100,100,100,100,100,100,100,
Viet Nam,VNM,Access to electricity (% of population),EG.ELC.ACCS.ZS,,,,,,,,,,,,,,,,,,,,,,,,,,,,,,,,,,,,,,78.4,86.17598724,86.99443817,88.2,88.9,89.1,90.3,91,96.1,96,93.1,93.8,96.1,97.4,99,97.9,98.5,99.2,99.3,99.2,100,100,99.4,99.8,100,100,99.8,
Vanuatu,VUT,Access to electricity (% of population),EG.ELC.ACCS.ZS,,,,,,,,,,,,,,,,,,,,,,,,,,,,,,,,,,,18,12.94164371,14.79236126,16.63967896,18.48291779,19.1,22.2,24,25.7,27.5,29.2,31,26.4,33.6,36.5,33.3,44.1,42,43.9,31.7,49.1,52.3,57.8,62.8,61.6,64.5,67.3,70,71.6,61.6,
World,WLD,Access to electricity (% of population),EG.ELC.ACCS.ZS,,,,,,,,,,,,,,,,,,,,,,,,,,,,,,,,,,,,,,,73.19623539,74.50321051,78.22140086,78.71524322,79.10079873,79.96490103,79.95214767,80.70133108,81.3534633,81.97115767,82.66817238,82.86582271,83.4471383,84.50623339,84.93637348,85.71084102,86.19580126,86.92426297,88.10477258,88.93208827,89.79773181,90.10876877,90.39608828,91.33464735,91.2892451,91.60013736,
Samoa,WSM,Access to electricity (% of population),EG.ELC.ACCS.ZS,,,,,,,,,,,,,,,,,,,,,,,,,,,,,,,,78.8,81.64016724,82.42459106,80,83.98869324,84.76699829,85.54190826,86.31274414,87.07872772,88,88.7,89.3,89.9,90.5,91.1,96.4,92.5,98.1,97.9,96.4,96.7,96.8,97,97.9,98.2,98.9,96.8,99.8,99.2,100,98.3,98.3,100,
Kosovo,XKX,Access to electricity (% of population),EG.ELC.ACCS.ZS,,,,,,,,,,,,,,,,,,,,,,,,,,,,,,,100,100,100,100,100,100,100,100,100,100,,,,,,,,,,,,,,,,,,,,,,,,,
"Yemen, Rep.",YEM,Access to electricity (% of population),EG.ELC.ACCS.ZS,,,,,,,,,,,,,,,,,,,,,,,,,,,,,,,,,44.1,40.77471542,41.98513412,43.19351196,44.39916992,42.6,46.79961014,47.99294662,49.2,50.4,51.5,52.6,49.6,54.8,55.8,57.2,58.4,59.6,60.8,62,52.4,75.6,66.1,67.4,68.9,79.2,62,72.8,73.9,74.9,76,83.6,
South Africa,ZAF,Access to electricity (% of population),EG.ELC.ACCS.ZS,,,,,,,,,,,,,,,,,,,,,,,,,,,,,,,,,,,,,57.6,69.48335266,64.9,71.33178711,72.4,70.2,76.7,78.8,80.6,80.8,80.7,82,81.9,82.6,82.8,83.6,85.2,85.2,85.9,85.3,83.9,84.4,84.7,85,90,89.3,86.5,87.7,
Zambia,ZMB,Access to electricity (% of population),EG.ELC.ACCS.ZS,,,,,,,,,,,,,,,,,,,,,,,,,,,,,,,13.9,12.75270271,19.2,14.21320724,14.94175911,15.66827202,17.3,17.11245918,19,18.54024506,16.7,20.2,17.4,18.5,20.3,23.3,24.1,18.5,25.7,26.6,22,28.3,29.2,30.1,27.9,31.1,35.4,40.3,40.2,43,44.6,46.7,47.8,51.1,
Zimbabwe,ZWE,Access to electricity (% of population),EG.ELC.ACCS.ZS,,,,,,,,,,,,,,,,,,,,,,,,,,,,,,,,,28.2,31.16366768,28.1,31.94857979,32.33729553,32.72261047,33.1038475,38.4,33.7,34.2,34.2,35.1,35.6,36.1,37.2,37.2,37.7,43.4,38.9,36.9,44,40.6,32.3,33.7,42.5,44,45.4,46.7,52.7,49,50.1,62,
