year,period,value_type,mean_temp_c,baseline_1961_1990,baseline_1991_2020
1884,January,Monthly,5,3.02,3.92
1884,February,Monthly,4.2,2.96,4.13
1884,March,Monthly,5.1,4.67,5.7
1884,April,Monthly,6.2,6.73,7.87
1884,May,Monthly,9.7,9.75,10.64
1884,June,Monthly,12.5,12.66,13.33
1884,July,Monthly,14.5,14.4,15.29
1884,August,Monthly,15.3,14.24,15.11
1884,September,Monthly,13,12.2,12.93
1884,October,Monthly,8.3,9.43,9.73
1884,November,Monthly,4.6,5.51,6.48
1884,December,Monthly,3.3,3.83,4.2
1884,Spring,Seasonal,6.98,7.05,8.07
1884,Summer,Seasonal,14.11,13.78,14.59
1884,Autumn,Seasonal,8.62,9.05,9.71
1884,Annual,Annual,8.48,8.31,9.14
1885,January,Monthly,2,3.02,3.92
1885,February,Monthly,4.2,2.96,4.13
1885,March,Monthly,3.5,4.67,5.7
1885,April,Monthly,6.6,6.73,7.87
1885,May,Monthly,7.6,9.75,10.64
1885,June,Monthly,12.3,12.66,13.33
1885,July,Monthly,14.5,14.4,15.29
1885,August,Monthly,12.4,14.24,15.11
1885,September,Monthly,10.9,12.2,12.93
1885,October,Monthly,6.2,9.43,9.73
1885,November,Monthly,4.8,5.51,6.48
1885,December,Monthly,3,3.83,4.2
1885,Winter,Seasonal,3.14,3.27,4.08
1885,Spring,Seasonal,5.92,7.05,8.07
1885,Summer,Seasonal,13.09,13.78,14.59
1885,Autumn,Seasonal,7.28,9.05,9.71
1885,Annual,Annual,7.36,8.31,9.14
1886,January,Monthly,1.1,3.02,3.92
1886,February,Monthly,0.8,2.96,4.13
1886,March,Monthly,2.9,4.67,5.7
1886,April,Monthly,6.3,6.73,7.87
1886,May,Monthly,8.8,9.75,10.64
1886,June,Monthly,11.9,12.66,13.33
1886,July,Monthly,14.2,14.4,15.29
1886,August,Monthly,14.1,14.24,15.11
1886,September,Monthly,12,12.2,12.93
1886,October,Monthly,9.9,9.43,9.73
1886,November,Monthly,5.7,5.51,6.48
1886,December,Monthly,1.2,3.83,4.2
1886,Winter,Seasonal,1.68,3.27,4.08
1886,Spring,Seasonal,6.01,7.05,8.07
1886,Summer,Seasonal,13.42,13.78,14.59
1886,Autumn,Seasonal,9.2,9.05,9.71
1886,Annual,Annual,7.45,8.31,9.14
1887,January,Monthly,2.1,3.02,3.92
1887,February,Monthly,3.5,2.96,4.13
1887,March,Monthly,3.3,4.67,5.7
1887,April,Monthly,5.4,6.73,7.87
1887,May,Monthly,8.7,9.75,10.64
1887,June,Monthly,14.3,12.66,13.33
1887,July,Monthly,15.6,14.4,15.29
1887,August,Monthly,14,14.24,15.11
1887,September,Monthly,10.6,12.2,12.93
1887,October,Monthly,6.4,9.43,9.73
1887,November,Monthly,3.9,5.51,6.48
1887,December,Monthly,2.1,3.83,4.2
1887,Winter,Seasonal,2.23,3.27,4.08
1887,Spring,Seasonal,5.8,7.05,8.07
1887,Summer,Seasonal,14.62,13.78,14.59
1887,Autumn,Seasonal,6.97,9.05,9.71
1887,Annual,Annual,7.51,8.31,9.14
1888,January,Monthly,2.8,3.02,3.92
1888,February,Monthly,1.1,2.96,4.13
1888,March,Monthly,2.1,4.67,5.7
1888,April,Monthly,5.3,6.73,7.87
1888,May,Monthly,9.2,9.75,10.64
1888,June,Monthly,11.8,12.66,13.33
1888,July,Monthly,12.3,14.4,15.29
1888,August,Monthly,12.8,14.24,15.11
1888,September,Monthly,11.2,12.2,12.93
1888,October,Monthly,7.6,9.43,9.73
1888,November,Monthly,6.5,5.51,6.48
1888,December,Monthly,4.3,3.83,4.2
1888,Winter,Seasonal,2.03,3.27,4.08
1888,Spring,Seasonal,5.56,7.05,8.07
1888,Summer,Seasonal,12.31,13.78,14.59
1888,Autumn,Seasonal,8.43,9.05,9.71
1888,Annual,Annual,7.28,8.31,9.14
1889,January,Monthly,3,3.02,3.92
1889,February,Monthly,2.2,2.96,4.13
1889,March,Monthly,3.8,4.67,5.7
1889,April,Monthly,6,6.73,7.87
1889,May,Monthly,11.4,9.75,10.64
1889,June,Monthly,14,12.66,13.33
1889,July,Monthly,13.6,14.4,15.29
1889,August,Monthly,13.4,14.24,15.11
1889,September,Monthly,11.5,12.2,12.93
1889,October,Monthly,7.6,9.43,9.73
1889,November,Monthly,6.1,5.51,6.48
1889,December,Monthly,3.1,3.83,4.2
1889,Winter,Seasonal,3.21,3.27,4.08
1889,Spring,Seasonal,7.1,7.05,8.07
1889,Summer,Seasonal,13.66,13.78,14.59
1889,Autumn,Seasonal,8.41,9.05,9.71
1889,Annual,Annual,8.01,8.31,9.14
1890,January,Monthly,4.8,3.02,3.92
1890,February,Monthly,2.7,2.96,4.13
1890,March,Monthly,5,4.67,5.7
1890,April,Monthly,6.2,6.73,7.87
1890,May,Monthly,10.5,9.75,10.64
1890,June,Monthly,12.4,12.66,13.33
1890,July,Monthly,13,14.4,15.29
1890,August,Monthly,13.1,14.24,15.11
1890,September,Monthly,13.6,12.2,12.93
1890,October,Monthly,8.9,9.43,9.73
1890,November,Monthly,5,5.51,6.48
1890,December,Monthly,-0.1,3.83,4.2
1890,Winter,Seasonal,3.54,3.27,4.08
1890,Spring,Seasonal,7.28,7.05,8.07
1890,Summer,Seasonal,12.82,13.78,14.59
1890,Autumn,Seasonal,9.17,9.05,9.71
1890,Annual,Annual,7.96,8.31,9.14
1891,January,Monthly,1.3,3.02,3.92
1891,February,Monthly,4.4,2.96,4.13
1891,March,Monthly,2.9,4.67,5.7
1891,April,Monthly,5.1,6.73,7.87
1891,May,Monthly,8.2,9.75,10.64
1891,June,Monthly,13.2,12.66,13.33
1891,July,Monthly,13.7,14.4,15.29
1891,August,Monthly,13,14.24,15.11
1891,September,Monthly,12.8,12.2,12.93
1891,October,Monthly,8.4,9.43,9.73
1891,November,Monthly,4.6,5.51,6.48
1891,December,Monthly,3.5,3.83,4.2
1891,Winter,Seasonal,1.76,3.27,4.08
1891,Spring,Seasonal,5.42,7.05,8.07
1891,Summer,Seasonal,13.31,13.78,14.59
1891,Autumn,Seasonal,8.59,9.05,9.71
1891,Annual,Annual,7.6,8.31,9.14
1892,January,Monthly,1.5,3.02,3.92
1892,February,Monthly,2.5,2.96,4.13
1892,March,Monthly,1.9,4.67,5.7
1892,April,Monthly,6.2,6.73,7.87
1892,May,Monthly,9.9,9.75,10.64
1892,June,Monthly,11.7,12.66,13.33
1892,July,Monthly,12.8,14.4,15.29
1892,August,Monthly,13.6,14.24,15.11
1892,September,Monthly,10.7,12.2,12.93
1892,October,Monthly,6,9.43,9.73
1892,November,Monthly,5.8,5.51,6.48
1892,December,Monthly,1.4,3.83,4.2
1892,Winter,Seasonal,2.5,3.27,4.08
1892,Spring,Seasonal,5.99,7.05,8.07
1892,Summer,Seasonal,12.73,13.78,14.59
1892,Autumn,Seasonal,7.49,9.05,9.71
1892,Annual,Annual,7.01,8.31,9.14
1893,January,Monthly,1.6,3.02,3.92
1893,February,Monthly,3.6,2.96,4.13
1893,March,Monthly,6.2,4.67,5.7
1893,April,Monthly,8.9,6.73,7.87
1893,May,Monthly,11.5,9.75,10.64
1893,June,Monthly,14.1,12.66,13.33
1893,July,Monthly,14.8,14.4,15.29
1893,August,Monthly,15.8,14.24,15.11
1893,September,Monthly,11.6,12.2,12.93
1893,October,Monthly,8.7,9.43,9.73
1893,November,Monthly,4.1,5.51,6.48
1893,December,Monthly,4.1,3.83,4.2
1893,Winter,Seasonal,2.16,3.27,4.08
1893,Spring,Seasonal,8.86,7.05,8.07
1893,Summer,Seasonal,14.88,13.78,14.59
1893,Autumn,Seasonal,8.17,9.05,9.71
1893,Annual,Annual,8.78,8.31,9.14
1894,January,Monthly,2.4,3.02,3.92
1894,February,Monthly,3.8,2.96,4.13
1894,March,Monthly,5.6,4.67,5.7
1894,April,Monthly,8.5,6.73,7.87
1894,May,Monthly,7.9,9.75,10.64
1894,June,Monthly,12.3,12.66,13.33
1894,July,Monthly,14.6,14.4,15.29
1894,August,Monthly,13.2,14.24,15.11
1894,September,Monthly,10.6,12.2,12.93
1894,October,Monthly,8,9.43,9.73
1894,November,Monthly,6.9,5.51,6.48
1894,December,Monthly,4.2,3.83,4.2
1894,Winter,Seasonal,3.43,3.27,4.08
1894,Spring,Seasonal,7.32,7.05,8.07
1894,Summer,Seasonal,13.35,13.78,14.59
1894,Autumn,Seasonal,8.5,9.05,9.71
1894,Annual,Annual,8.19,8.31,9.14
1895,January,Monthly,-0.7,3.02,3.92
1895,February,Monthly,-2.3,2.96,4.13
1895,March,Monthly,4.2,4.67,5.7
1895,April,Monthly,7.1,6.73,7.87
1895,May,Monthly,10.9,9.75,10.64
1895,June,Monthly,13.1,12.66,13.33
1895,July,Monthly,13.7,14.4,15.29
1895,August,Monthly,14.3,14.24,15.11
1895,September,Monthly,14.2,12.2,12.93
1895,October,Monthly,6.2,9.43,9.73
1895,November,Monthly,6.1,5.51,6.48
1895,December,Monthly,3,3.83,4.2
1895,Winter,Seasonal,0.5,3.27,4.08
1895,Spring,Seasonal,7.41,7.05,8.07
1895,Summer,Seasonal,13.73,13.78,14.59
1895,Autumn,Seasonal,8.83,9.05,9.71
1895,Annual,Annual,7.55,8.31,9.14
1896,January,Monthly,3.9,3.02,3.92
1896,February,Monthly,4.2,2.96,4.13
1896,March,Monthly,5.4,4.67,5.7
1896,April,Monthly,7.9,6.73,7.87
1896,May,Monthly,11,9.75,10.64
1896,June,Monthly,14.2,12.66,13.33
1896,July,Monthly,14.6,14.4,15.29
1896,August,Monthly,13,14.24,15.11
1896,September,Monthly,11.7,12.2,12.93
1896,October,Monthly,5.9,9.43,9.73
1896,November,Monthly,4.2,5.51,6.48
1896,December,Monthly,3,3.83,4.2
1896,Winter,Seasonal,3.68,3.27,4.08
1896,Spring,Seasonal,8.11,7.05,8.07
1896,Summer,Seasonal,13.92,13.78,14.59
1896,Autumn,Seasonal,7.27,9.05,9.71
1896,Annual,Annual,8.26,8.31,9.14
1897,January,Monthly,0.9,3.02,3.92
1897,February,Monthly,4.5,2.96,4.13
1897,March,Monthly,5.2,4.67,5.7
1897,April,Monthly,5.8,6.73,7.87
1897,May,Monthly,8.6,9.75,10.64
1897,June,Monthly,13.3,12.66,13.33
1897,July,Monthly,14.9,14.4,15.29
1897,August,Monthly,14.9,14.24,15.11
1897,September,Monthly,10.9,12.2,12.93
1897,October,Monthly,9.1,9.43,9.73
1897,November,Monthly,6.6,5.51,6.48
1897,December,Monthly,3.9,3.83,4.2
1897,Winter,Seasonal,2.72,3.27,4.08
1897,Spring,Seasonal,6.54,7.05,8.07
1897,Summer,Seasonal,14.39,13.78,14.59
1897,Autumn,Seasonal,8.87,9.05,9.71
1897,Annual,Annual,8.23,8.31,9.14
1898,January,Monthly,5.7,3.02,3.92
1898,February,Monthly,3.6,2.96,4.13
1898,March,Monthly,3.5,4.67,5.7
1898,April,Monthly,7.3,6.73,7.87
1898,May,Monthly,9.1,9.75,10.64
1898,June,Monthly,12.3,12.66,13.33
1898,July,Monthly,13.8,14.4,15.29
1898,August,Monthly,14.7,14.24,15.11
1898,September,Monthly,13.8,12.2,12.93
1898,October,Monthly,10.2,9.43,9.73
1898,November,Monthly,6,5.51,6.48
1898,December,Monthly,6.1,3.83,4.2
1898,Winter,Seasonal,4.39,3.27,4.08
1898,Spring,Seasonal,6.65,7.05,8.07
1898,Summer,Seasonal,13.65,13.78,14.59
1898,Autumn,Seasonal,9.98,9.05,9.71
1898,Annual,Annual,8.88,8.31,9.14
1899,January,Monthly,3.4,3.02,3.92
1899,February,Monthly,4,2.96,4.13
1899,March,Monthly,4.2,4.67,5.7
1899,April,Monthly,6.5,6.73,7.87
1899,May,Monthly,8.5,9.75,10.64
1899,June,Monthly,14,12.66,13.33
1899,July,Monthly,15.5,14.4,15.29
1899,August,Monthly,16.3,14.24,15.11
1899,September,Monthly,12,12.2,12.93
1899,October,Monthly,8.6,9.43,9.73
1899,November,Monthly,7.8,5.51,6.48
1899,December,Monthly,1.8,3.83,4.2
1899,Winter,Seasonal,4.52,3.27,4.08
1899,Spring,Seasonal,6.42,7.05,8.07
1899,Summer,Seasonal,15.29,13.78,14.59
1899,Autumn,Seasonal,9.43,9.05,9.71
1899,Annual,Annual,8.57,8.31,9.14
1900,January,Monthly,3.5,3.02,3.92
1900,February,Monthly,1.2,2.96,4.13
1900,March,Monthly,2.7,4.67,5.7
1900,April,Monthly,7.1,6.73,7.87
1900,May,Monthly,9.1,9.75,10.64
1900,June,Monthly,13.2,12.66,13.33
1900,July,Monthly,15.7,14.4,15.29
1900,August,Monthly,13.8,14.24,15.11
1900,September,Monthly,12.4,12.2,12.93
1900,October,Monthly,8.2,9.43,9.73
1900,November,Monthly,5.9,5.51,6.48
1900,December,Monthly,6.1,3.83,4.2
1900,Winter,Seasonal,2.19,3.27,4.08
1900,Spring,Seasonal,6.28,7.05,8.07
1900,Summer,Seasonal,14.26,13.78,14.59
1900,Autumn,Seasonal,8.83,9.05,9.71
1900,Annual,Annual,8.28,8.31,9.14
1901,January,Monthly,2.9,3.02,3.92
1901,February,Monthly,1.6,2.96,4.13
1901,March,Monthly,3.4,4.67,5.7
1901,April,Monthly,7.2,6.73,7.87
1901,May,Monthly,10.4,9.75,10.64
1901,June,Monthly,12.3,12.66,13.33
1901,July,Monthly,16.3,14.4,15.29
1901,August,Monthly,14.4,14.24,15.11
1901,September,Monthly,12.8,12.2,12.93
1901,October,Monthly,8.3,9.43,9.73
1901,November,Monthly,4.5,5.51,6.48
1901,December,Monthly,2.5,3.83,4.2
1901,Winter,Seasonal,3.56,3.27,4.08
1901,Spring,Seasonal,6.99,7.05,8.07
1901,Summer,Seasonal,14.37,13.78,14.59
1901,Autumn,Seasonal,8.51,9.05,9.71
1901,Annual,Annual,8.08,8.31,9.14
1902,January,Monthly,3.6,3.02,3.92
1902,February,Monthly,0.8,2.96,4.13
1902,March,Monthly,5.5,4.67,5.7
1902,April,Monthly,6.5,6.73,7.87
1902,May,Monthly,7.5,9.75,10.64
1902,June,Monthly,12.1,12.66,13.33
1902,July,Monthly,13,14.4,15.29
1902,August,Monthly,12.8,14.24,15.11
1902,September,Monthly,11.8,12.2,12.93
1902,October,Monthly,8.5,9.43,9.73
1902,November,Monthly,6.3,5.51,6.48
1902,December,Monthly,3.8,3.83,4.2
1902,Winter,Seasonal,2.34,3.27,4.08
1902,Spring,Seasonal,6.5,7.05,8.07
1902,Summer,Seasonal,12.65,13.78,14.59
1902,Autumn,Seasonal,8.85,9.05,9.71
1902,Annual,Annual,7.73,8.31,9.14
1903,January,Monthly,3,3.02,3.92
1903,February,Monthly,5.7,2.96,4.13
1903,March,Monthly,5.5,4.67,5.7
1903,April,Monthly,5.4,6.73,7.87
1903,May,Monthly,9.6,9.75,10.64
1903,June,Monthly,11.6,12.66,13.33
1903,July,Monthly,13.6,14.4,15.29
1903,August,Monthly,12.8,14.24,15.11
1903,September,Monthly,11.8,12.2,12.93
1903,October,Monthly,9.1,9.43,9.73
1903,November,Monthly,5.5,5.51,6.48
1903,December,Monthly,2.5,3.83,4.2
1903,Winter,Seasonal,4.13,3.27,4.08
1903,Spring,Seasonal,6.84,7.05,8.07
1903,Summer,Seasonal,12.68,13.78,14.59
1903,Autumn,Seasonal,8.79,9.05,9.71
1903,Annual,Annual,8.02,8.31,9.14
1904,January,Monthly,3.4,3.02,3.92
1904,February,Monthly,2.4,2.96,4.13
1904,March,Monthly,3.4,4.67,5.7
1904,April,Monthly,7.5,6.73,7.87
1904,May,Monthly,9.4,9.75,10.64
1904,June,Monthly,12.2,12.66,13.33
1904,July,Monthly,15.1,14.4,15.29
1904,August,Monthly,13.7,14.24,15.11
1904,September,Monthly,11.6,12.2,12.93
1904,October,Monthly,8.8,9.43,9.73
1904,November,Monthly,4.7,5.51,6.48
1904,December,Monthly,3.5,3.83,4.2
1904,Winter,Seasonal,2.78,3.27,4.08
1904,Spring,Seasonal,6.76,7.05,8.07
1904,Summer,Seasonal,13.67,13.78,14.59
1904,Autumn,Seasonal,8.38,9.05,9.71
1904,Annual,Annual,7.99,8.31,9.14
1905,January,Monthly,3.4,3.02,3.92
1905,February,Monthly,4.1,2.96,4.13
1905,March,Monthly,5.6,4.67,5.7
1905,April,Monthly,6,6.73,7.87
1905,May,Monthly,9.7,9.75,10.64
1905,June,Monthly,13.5,12.66,13.33
1905,July,Monthly,15.6,14.4,15.29
1905,August,Monthly,13.4,14.24,15.11
1905,September,Monthly,11.3,12.2,12.93
1905,October,Monthly,6.4,9.43,9.73
1905,November,Monthly,4.3,5.51,6.48
1905,December,Monthly,4.7,3.83,4.2
1905,Winter,Seasonal,3.63,3.27,4.08
1905,Spring,Seasonal,7.11,7.05,8.07
1905,Summer,Seasonal,14.18,13.78,14.59
1905,Autumn,Seasonal,7.33,9.05,9.71
1905,Annual,Annual,8.19,8.31,9.14
1906,January,Monthly,4.3,3.02,3.92
1906,February,Monthly,2.2,2.96,4.13
1906,March,Monthly,3.9,4.67,5.7
1906,April,Monthly,6.1,6.73,7.87
1906,May,Monthly,8.9,9.75,10.64
1906,June,Monthly,12.9,12.66,13.33
1906,July,Monthly,14.1,14.4,15.29
1906,August,Monthly,15.2,14.24,15.11
1906,September,Monthly,12.8,12.2,12.93
1906,October,Monthly,9.5,9.43,9.73
1906,November,Monthly,6.6,5.51,6.48
1906,December,Monthly,2.5,3.83,4.2
1906,Winter,Seasonal,3.78,3.27,4.08
1906,Spring,Seasonal,6.31,7.05,8.07
1906,Summer,Seasonal,14.06,13.78,14.59
1906,Autumn,Seasonal,9.65,9.05,9.71
1906,Annual,Annual,8.29,8.31,9.14
1907,January,Monthly,3,3.02,3.92
1907,February,Monthly,2.1,2.96,4.13
1907,March,Monthly,5.4,4.67,5.7
1907,April,Monthly,6.5,6.73,7.87
1907,May,Monthly,9.1,9.75,10.64
1907,June,Monthly,11.1,12.66,13.33
1907,July,Monthly,13,14.4,15.29
1907,August,Monthly,12.8,14.24,15.11
1907,September,Monthly,12.5,12.2,12.93
1907,October,Monthly,8.7,9.43,9.73
1907,November,Monthly,5.6,5.51,6.48
1907,December,Monthly,3.8,3.83,4.2
1907,Winter,Seasonal,2.56,3.27,4.08
1907,Spring,Seasonal,7,7.05,8.07
1907,Summer,Seasonal,12.32,13.78,14.59
1907,Autumn,Seasonal,8.93,9.05,9.71
1907,Annual,Annual,7.83,8.31,9.14
1908,January,Monthly,2.2,3.02,3.92
1908,February,Monthly,4.4,2.96,4.13
1908,March,Monthly,3.3,4.67,5.7
1908,April,Monthly,5,6.73,7.87
1908,May,Monthly,10.9,9.75,10.64
1908,June,Monthly,12.8,12.66,13.33
1908,July,Monthly,14.3,14.4,15.29
1908,August,Monthly,13.3,14.24,15.11
1908,September,Monthly,11.8,12.2,12.93
1908,October,Monthly,11.2,9.43,9.73
1908,November,Monthly,6.6,5.51,6.48
1908,December,Monthly,3.6,3.83,4.2
1908,Winter,Seasonal,3.45,3.27,4.08
1908,Spring,Seasonal,6.43,7.05,8.07
1908,Summer,Seasonal,13.49,13.78,14.59
1908,Autumn,Seasonal,9.88,9.05,9.71
1908,Annual,Annual,8.31,8.31,9.14
1909,January,Monthly,2.9,3.02,3.92
1909,February,Monthly,2.7,2.96,4.13
1909,March,Monthly,2.5,4.67,5.7
1909,April,Monthly,7.3,6.73,7.87
1909,May,Monthly,9.5,9.75,10.64
1909,June,Monthly,11,12.66,13.33
1909,July,Monthly,13.3,14.4,15.29
1909,August,Monthly,14.1,14.24,15.11
1909,September,Monthly,10.9,12.2,12.93
1909,October,Monthly,9,9.43,9.73
1909,November,Monthly,4,5.51,6.48
1909,December,Monthly,2.6,3.83,4.2
1909,Winter,Seasonal,3.1,3.27,4.08
1909,Spring,Seasonal,6.41,7.05,8.07
1909,Summer,Seasonal,12.83,13.78,14.59
1909,Autumn,Seasonal,7.99,9.05,9.71
1909,Annual,Annual,7.52,8.31,9.14
1910,January,Monthly,2.5,3.02,3.92
1910,February,Monthly,3.8,2.96,4.13
1910,March,Monthly,5.2,4.67,5.7
1910,April,Monthly,5.9,6.73,7.87
1910,May,Monthly,9.9,9.75,10.64
1910,June,Monthly,13.1,12.66,13.33
1910,July,Monthly,13.1,14.4,15.29
1910,August,Monthly,14,14.24,15.11
1910,September,Monthly,11.6,12.2,12.93
1910,October,Monthly,9.7,9.43,9.73
1910,November,Monthly,2.7,5.51,6.48
1910,December,Monthly,5.3,3.83,4.2
1910,Winter,Seasonal,2.93,3.27,4.08
1910,Spring,Seasonal,7.01,7.05,8.07
1910,Summer,Seasonal,13.39,13.78,14.59
1910,Autumn,Seasonal,8.01,9.05,9.71
1910,Annual,Annual,8.09,8.31,9.14
1911,January,Monthly,3.3,3.02,3.92
1911,February,Monthly,3.8,2.96,4.13
1911,March,Monthly,4.2,4.67,5.7
1911,April,Monthly,6.5,6.73,7.87
1911,May,Monthly,11.4,9.75,10.64
1911,June,Monthly,13,12.66,13.33
1911,July,Monthly,16,14.4,15.29
1911,August,Monthly,16.3,14.24,15.11
1911,September,Monthly,12.5,12.2,12.93
1911,October,Monthly,8.2,9.43,9.73
1911,November,Monthly,4.9,5.51,6.48
1911,December,Monthly,5.1,3.83,4.2
1911,Winter,Seasonal,4.15,3.27,4.08
1911,Spring,Seasonal,7.35,7.05,8.07
1911,Summer,Seasonal,15.14,13.78,14.59
1911,Autumn,Seasonal,8.56,9.05,9.71
1911,Annual,Annual,8.81,8.31,9.14
1912,January,Monthly,2.8,3.02,3.92
1912,February,Monthly,4.1,2.96,4.13
1912,March,Monthly,6,4.67,5.7
1912,April,Monthly,7.8,6.73,7.87
1912,May,Monthly,10.4,9.75,10.64
1912,June,Monthly,12.4,12.66,13.33
1912,July,Monthly,14.4,14.4,15.29
1912,August,Monthly,11.7,14.24,15.11
1912,September,Monthly,10.2,12.2,12.93
1912,October,Monthly,7.5,9.43,9.73
1912,November,Monthly,5.3,5.51,6.48
1912,December,Monthly,5.3,3.83,4.2
1912,Winter,Seasonal,4,3.27,4.08
1912,Spring,Seasonal,8.08,7.05,8.07
1912,Summer,Seasonal,12.84,13.78,14.59
1912,Autumn,Seasonal,7.65,9.05,9.71
1912,Annual,Annual,8.17,8.31,9.14
1913,January,Monthly,3.4,3.02,3.92
1913,February,Monthly,3.9,2.96,4.13
1913,March,Monthly,4.8,4.67,5.7
1913,April,Monthly,6.7,6.73,7.87
1913,May,Monthly,10,9.75,10.64
1913,June,Monthly,12.7,12.66,13.33
1913,July,Monthly,13.5,14.4,15.29
1913,August,Monthly,14,14.24,15.11
1913,September,Monthly,12.6,12.2,12.93
1913,October,Monthly,9.9,9.43,9.73
1913,November,Monthly,7.2,5.51,6.48
1913,December,Monthly,4.1,3.83,4.2
1913,Winter,Seasonal,4.23,3.27,4.08
1913,Spring,Seasonal,7.17,7.05,8.07
1913,Summer,Seasonal,13.4,13.78,14.59
1913,Autumn,Seasonal,9.9,9.05,9.71
1913,Annual,Annual,8.59,8.31,9.14
1914,January,Monthly,2.8,3.02,3.92
1914,February,Monthly,5.5,2.96,4.13
1914,March,Monthly,4.8,4.67,5.7
1914,April,Monthly,8.6,6.73,7.87
1914,May,Monthly,9.4,9.75,10.64
1914,June,Monthly,13.1,12.66,13.33
1914,July,Monthly,14.6,14.4,15.29
1914,August,Monthly,14.8,14.24,15.11
1914,September,Monthly,12.2,12.2,12.93
1914,October,Monthly,9.4,9.43,9.73
1914,November,Monthly,5.8,5.51,6.48
1914,December,Monthly,3.4,3.83,4.2
1914,Winter,Seasonal,4.09,3.27,4.08
1914,Spring,Seasonal,7.59,7.05,8.07
1914,Summer,Seasonal,14.14,13.78,14.59
1914,Autumn,Seasonal,9.11,9.05,9.71
1914,Annual,Annual,8.7,8.31,9.14
1915,January,Monthly,3,3.02,3.92
1915,February,Monthly,3.1,2.96,4.13
1915,March,Monthly,4.2,4.67,5.7
1915,April,Monthly,6.8,6.73,7.87
1915,May,Monthly,9.3,9.75,10.64
1915,June,Monthly,12.8,12.66,13.33
1915,July,Monthly,13.4,14.4,15.29
1915,August,Monthly,14.1,14.24,15.11
1915,September,Monthly,12.2,12.2,12.93
1915,October,Monthly,8.2,9.43,9.73
1915,November,Monthly,2.6,5.51,6.48
1915,December,Monthly,3.8,3.83,4.2
1915,Winter,Seasonal,3.15,3.27,4.08
1915,Spring,Seasonal,6.75,7.05,8.07
1915,Summer,Seasonal,13.41,13.78,14.59
1915,Autumn,Seasonal,7.67,9.05,9.71
1915,Annual,Annual,7.81,8.31,9.14
1916,January,Monthly,6.3,3.02,3.92
1916,February,Monthly,2.7,2.96,4.13
1916,March,Monthly,2.4,4.67,5.7
1916,April,Monthly,7,6.73,7.87
1916,May,Monthly,9.9,9.75,10.64
1916,June,Monthly,10.6,12.66,13.33
1916,July,Monthly,13.9,14.4,15.29
1916,August,Monthly,14.9,14.24,15.11
1916,September,Monthly,11.9,12.2,12.93
1916,October,Monthly,9.3,9.43,9.73
1916,November,Monthly,6,5.51,6.48
1916,December,Monthly,1.9,3.83,4.2
1916,Winter,Seasonal,4.32,3.27,4.08
1916,Spring,Seasonal,6.44,7.05,8.07
1916,Summer,Seasonal,13.18,13.78,14.59
1916,Autumn,Seasonal,9.1,9.05,9.71
1916,Annual,Annual,8.11,8.31,9.14
1917,January,Monthly,1.1,3.02,3.92
1917,February,Monthly,1,2.96,4.13
1917,March,Monthly,2.4,4.67,5.7
1917,April,Monthly,4.3,6.73,7.87
1917,May,Monthly,10.8,9.75,10.64
1917,June,Monthly,13.2,12.66,13.33
1917,July,Monthly,14.6,14.4,15.29
1917,August,Monthly,14.4,14.24,15.11
1917,September,Monthly,12.7,12.2,12.93
1917,October,Monthly,6.5,9.43,9.73
1917,November,Monthly,6.9,5.51,6.48
1917,December,Monthly,1.9,3.83,4.2
1917,Winter,Seasonal,1.34,3.27,4.08
1917,Spring,Seasonal,5.84,7.05,8.07
1917,Summer,Seasonal,14.09,13.78,14.59
1917,Autumn,Seasonal,8.68,9.05,9.71
1917,Annual,Annual,7.52,8.31,9.14
1918,January,Monthly,2.6,3.02,3.92
1918,February,Monthly,5.4,2.96,4.13
1918,March,Monthly,4.9,4.67,5.7
1918,April,Monthly,5.9,6.73,7.87
1918,May,Monthly,11.3,9.75,10.64
1918,June,Monthly,11.9,12.66,13.33
1918,July,Monthly,14,14.4,15.29
1918,August,Monthly,14.6,14.24,15.11
1918,September,Monthly,10.4,12.2,12.93
1918,October,Monthly,8.3,9.43,9.73
1918,November,Monthly,4.8,5.51,6.48
1918,December,Monthly,5.5,3.83,4.2
1918,Winter,Seasonal,3.25,3.27,4.08
1918,Spring,Seasonal,7.36,7.05,8.07
1918,Summer,Seasonal,13.55,13.78,14.59
1918,Autumn,Seasonal,7.83,9.05,9.71
1918,Annual,Annual,8.33,8.31,9.14
1919,January,Monthly,2.3,3.02,3.92
1919,February,Monthly,1.1,2.96,4.13
1919,March,Monthly,2.5,4.67,5.7
1919,April,Monthly,6.2,6.73,7.87
1919,May,Monthly,11.6,9.75,10.64
1919,June,Monthly,12.5,12.66,13.33
1919,July,Monthly,12.9,14.4,15.29
1919,August,Monthly,14.2,14.24,15.11
1919,September,Monthly,11.6,12.2,12.93
1919,October,Monthly,7.1,9.43,9.73
1919,November,Monthly,2.3,5.51,6.48
1919,December,Monthly,4.1,3.83,4.2
1919,Winter,Seasonal,3.06,3.27,4.08
1919,Spring,Seasonal,6.78,7.05,8.07
1919,Summer,Seasonal,13.23,13.78,14.59
1919,Autumn,Seasonal,7,9.05,9.71
1919,Annual,Annual,7.42,8.31,9.14
1920,January,Monthly,3.8,3.02,3.92
1920,February,Monthly,5,2.96,4.13
1920,March,Monthly,5.8,4.67,5.7
1920,April,Monthly,6.8,6.73,7.87
1920,May,Monthly,10.2,9.75,10.64
1920,June,Monthly,12.9,12.66,13.33
1920,July,Monthly,12.9,14.4,15.29
1920,August,Monthly,12.5,14.24,15.11
1920,September,Monthly,11.8,12.2,12.93
1920,October,Monthly,9.7,9.43,9.73
1920,November,Monthly,6.4,5.51,6.48
1920,December,Monthly,3.4,3.83,4.2
1920,Winter,Seasonal,4.31,3.27,4.08
1920,Spring,Seasonal,7.64,7.05,8.07
1920,Summer,Seasonal,12.77,13.78,14.59
1920,Autumn,Seasonal,9.29,9.05,9.71
1920,Annual,Annual,8.45,8.31,9.14
1921,January,Monthly,5.7,3.02,3.92
1921,February,Monthly,4.2,2.96,4.13
1921,March,Monthly,5.8,4.67,5.7
1921,April,Monthly,7.3,6.73,7.87
1921,May,Monthly,10,9.75,10.64
1921,June,Monthly,13,12.66,13.33
1921,July,Monthly,16.2,14.4,15.29
1921,August,Monthly,13.8,14.24,15.11
1921,September,Monthly,12.8,12.2,12.93
1921,October,Monthly,11.6,9.43,9.73
1921,November,Monthly,4.4,5.51,6.48
1921,December,Monthly,5.7,3.83,4.2
1921,Winter,Seasonal,4.47,3.27,4.08
1921,Spring,Seasonal,7.69,7.05,8.07
1921,Summer,Seasonal,14.34,13.78,14.59
1921,Autumn,Seasonal,9.6,9.05,9.71
1921,Annual,Annual,9.24,8.31,9.14
1922,January,Monthly,2.9,3.02,3.92
1922,February,Monthly,3.6,2.96,4.13
1922,March,Monthly,4,4.67,5.7
1922,April,Monthly,4.6,6.73,7.87
1922,May,Monthly,10.8,9.75,10.64
1922,June,Monthly,12.2,12.66,13.33
1922,July,Monthly,12.3,14.4,15.29
1922,August,Monthly,12.3,14.24,15.11
1922,September,Monthly,11,12.2,12.93
1922,October,Monthly,7.6,9.43,9.73
1922,November,Monthly,5.3,5.51,6.48
1922,December,Monthly,4.8,3.83,4.2
1922,Winter,Seasonal,4.08,3.27,4.08
1922,Spring,Seasonal,6.49,7.05,8.07
1922,Summer,Seasonal,12.23,13.78,14.59
1922,Autumn,Seasonal,7.94,9.05,9.71
1922,Annual,Annual,7.63,8.31,9.14
1923,January,Monthly,4.9,3.02,3.92
1923,February,Monthly,4.5,2.96,4.13
1923,March,Monthly,5.6,4.67,5.7
1923,April,Monthly,6.3,6.73,7.87
1923,May,Monthly,8,9.75,10.64
1923,June,Monthly,11.2,12.66,13.33
1923,July,Monthly,15.6,14.4,15.29
1923,August,Monthly,13.6,14.24,15.11
1923,September,Monthly,11.1,12.2,12.93
1923,October,Monthly,8.6,9.43,9.73
1923,November,Monthly,2.7,5.51,6.48
1923,December,Monthly,3,3.83,4.2
1923,Winter,Seasonal,4.73,3.27,4.08
1923,Spring,Seasonal,6.64,7.05,8.07
1923,Summer,Seasonal,13.52,13.78,14.59
1923,Autumn,Seasonal,7.48,9.05,9.71
1923,Annual,Annual,7.96,8.31,9.14
1924,January,Monthly,3.8,3.02,3.92
1924,February,Monthly,2.8,2.96,4.13
1924,March,Monthly,3.1,4.67,5.7
1924,April,Monthly,6,6.73,7.87
1924,May,Monthly,9.7,9.75,10.64
1924,June,Monthly,12.3,12.66,13.33
1924,July,Monthly,13.8,14.4,15.29
1924,August,Monthly,13,14.24,15.11
1924,September,Monthly,11.9,12.2,12.93
1924,October,Monthly,9.1,9.43,9.73
1924,November,Monthly,6.4,5.51,6.48
1924,December,Monthly,6,3.83,4.2
1924,Winter,Seasonal,3.23,3.27,4.08
1924,Spring,Seasonal,6.28,7.05,8.07
1924,Summer,Seasonal,13.08,13.78,14.59
1924,Autumn,Seasonal,9.11,9.05,9.71
1924,Annual,Annual,8.19,8.31,9.14
1925,January,Monthly,4.5,3.02,3.92
1925,February,Monthly,3.9,2.96,4.13
1925,March,Monthly,4.1,4.67,5.7
1925,April,Monthly,6.3,6.73,7.87
1925,May,Monthly,10.1,9.75,10.64
1925,June,Monthly,13.4,12.66,13.33
1925,July,Monthly,15.3,14.4,15.29
1925,August,Monthly,14.2,14.24,15.11
1925,September,Monthly,10.4,12.2,12.93
1925,October,Monthly,9.4,9.43,9.73
1925,November,Monthly,3.3,5.51,6.48
1925,December,Monthly,2,3.83,4.2
1925,Winter,Seasonal,4.85,3.27,4.08
1925,Spring,Seasonal,6.84,7.05,8.07
1925,Summer,Seasonal,14.33,13.78,14.59
1925,Autumn,Seasonal,7.73,9.05,9.71
1925,Annual,Annual,8.12,8.31,9.14
1926,January,Monthly,3.8,3.02,3.92
1926,February,Monthly,5.5,2.96,4.13
1926,March,Monthly,5.4,4.67,5.7
1926,April,Monthly,8.1,6.73,7.87
1926,May,Monthly,8.9,9.75,10.64
1926,June,Monthly,12.3,12.66,13.33
1926,July,Monthly,15.4,14.4,15.29
1926,August,Monthly,14.9,14.24,15.11
1926,September,Monthly,13,12.2,12.93
1926,October,Monthly,6.9,9.43,9.73
1926,November,Monthly,5,5.51,6.48
1926,December,Monthly,3.8,3.83,4.2
1926,Winter,Seasonal,3.72,3.27,4.08
1926,Spring,Seasonal,7.45,7.05,8.07
1926,Summer,Seasonal,14.17,13.78,14.59
1926,Autumn,Seasonal,8.29,9.05,9.71
1926,Annual,Annual,8.58,8.31,9.14
1927,January,Monthly,3.7,3.02,3.92
1927,February,Monthly,3.7,2.96,4.13
1927,March,Monthly,6.1,4.67,5.7
1927,April,Monthly,6.7,6.73,7.87
1927,May,Monthly,9.4,9.75,10.64
1927,June,Monthly,10.8,12.66,13.33
1927,July,Monthly,14.5,14.4,15.29
1927,August,Monthly,14.4,14.24,15.11
1927,September,Monthly,11.2,12.2,12.93
1927,October,Monthly,9.3,9.43,9.73
1927,November,Monthly,5.2,5.51,6.48
1927,December,Monthly,1.5,3.83,4.2
1927,Winter,Seasonal,3.72,3.27,4.08
1927,Spring,Seasonal,7.4,7.05,8.07
1927,Summer,Seasonal,13.26,13.78,14.59
1927,Autumn,Seasonal,8.57,9.05,9.71
1927,Annual,Annual,8.06,8.31,9.14
1928,January,Monthly,4.2,3.02,3.92
1928,February,Monthly,4.8,2.96,4.13
1928,March,Monthly,4.9,4.67,5.7
1928,April,Monthly,7.1,6.73,7.87
1928,May,Monthly,9.6,9.75,10.64
1928,June,Monthly,11.2,12.66,13.33
1928,July,Monthly,14.3,14.4,15.29
1928,August,Monthly,13.9,14.24,15.11
1928,September,Monthly,11.5,12.2,12.93
1928,October,Monthly,9,9.43,9.73
1928,November,Monthly,6.6,5.51,6.48
1928,December,Monthly,3.1,3.83,4.2
1928,Winter,Seasonal,3.44,3.27,4.08
1928,Spring,Seasonal,7.16,7.05,8.07
1928,Summer,Seasonal,13.18,13.78,14.59
1928,Autumn,Seasonal,9.04,9.05,9.71
1928,Annual,Annual,8.35,8.31,9.14
1929,January,Monthly,1,3.02,3.92
1929,February,Monthly,0.3,2.96,4.13
1929,March,Monthly,5.6,4.67,5.7
1929,April,Monthly,5.6,6.73,7.87
1929,May,Monthly,9.9,9.75,10.64
1929,June,Monthly,11.8,12.66,13.33
1929,July,Monthly,14.4,14.4,15.29
1929,August,Monthly,13.8,14.24,15.11
1929,September,Monthly,13.9,12.2,12.93
1929,October,Monthly,8.4,9.43,9.73
1929,November,Monthly,5.7,5.51,6.48
1929,December,Monthly,4.7,3.83,4.2
1929,Winter,Seasonal,1.5,3.27,4.08
1929,Spring,Seasonal,7.06,7.05,8.07
1929,Summer,Seasonal,13.35,13.78,14.59
1929,Autumn,Seasonal,9.31,9.05,9.71
1929,Annual,Annual,7.98,8.31,9.14
1930,January,Monthly,4.2,3.02,3.92
1930,February,Monthly,1.7,2.96,4.13
1930,March,Monthly,4,4.67,5.7
1930,April,Monthly,7.1,6.73,7.87
1930,May,Monthly,9.5,9.75,10.64
1930,June,Monthly,13.6,12.66,13.33
1930,July,Monthly,14,14.4,15.29
1930,August,Monthly,14.3,14.24,15.11
1930,September,Monthly,12.4,12.2,12.93
1930,October,Monthly,9.3,9.43,9.73
1930,November,Monthly,5.1,5.51,6.48
1930,December,Monthly,3.8,3.83,4.2
1930,Winter,Seasonal,3.62,3.27,4.08
1930,Spring,Seasonal,6.87,7.05,8.07
1930,Summer,Seasonal,13.98,13.78,14.59
1930,Autumn,Seasonal,8.91,9.05,9.71
1930,Annual,Annual,8.29,8.31,9.14
1931,January,Monthly,2.6,3.02,3.92
1931,February,Monthly,2.9,2.96,4.13
1931,March,Monthly,3,4.67,5.7
1931,April,Monthly,6.6,6.73,7.87
1931,May,Monthly,9.9,9.75,10.64
1931,June,Monthly,12.5,12.66,13.33
1931,July,Monthly,14,14.4,15.29
1931,August,Monthly,13.1,14.24,15.11
1931,September,Monthly,10.7,12.2,12.93
1931,October,Monthly,8.1,9.43,9.73
1931,November,Monthly,6.8,5.51,6.48
1931,December,Monthly,5,3.83,4.2
1931,Winter,Seasonal,3.11,3.27,4.08
1931,Spring,Seasonal,6.52,7.05,8.07
1931,Summer,Seasonal,13.22,13.78,14.59
1931,Autumn,Seasonal,8.56,9.05,9.71
1931,Annual,Annual,7.98,8.31,9.14
1932,January,Monthly,5.4,3.02,3.92
1932,February,Monthly,3.1,2.96,4.13
1932,March,Monthly,4.1,4.67,5.7
1932,April,Monthly,5.6,6.73,7.87
1932,May,Monthly,9.1,9.75,10.64
1932,June,Monthly,12.7,12.66,13.33
1932,July,Monthly,14.6,14.4,15.29
1932,August,Monthly,15.4,14.24,15.11
1932,September,Monthly,11.7,12.2,12.93
1932,October,Monthly,7.7,9.43,9.73
1932,November,Monthly,5.7,5.51,6.48
1932,December,Monthly,4.8,3.83,4.2
1932,Winter,Seasonal,4.54,3.27,4.08
1932,Spring,Seasonal,6.26,7.05,8.07
1932,Summer,Seasonal,14.24,13.78,14.59
1932,Autumn,Seasonal,8.36,9.05,9.71
1932,Annual,Annual,8.35,8.31,9.14
1933,January,Monthly,1.9,3.02,3.92
1933,February,Monthly,3.2,2.96,4.13
1933,March,Monthly,6.3,4.67,5.7
1933,April,Monthly,7.9,6.73,7.87
1933,May,Monthly,10.5,9.75,10.64
1933,June,Monthly,14,12.66,13.33
1933,July,Monthly,16.3,14.4,15.29
1933,August,Monthly,15.9,14.24,15.11
1933,September,Monthly,13.6,12.2,12.93
1933,October,Monthly,9.2,9.43,9.73
1933,November,Monthly,5,5.51,6.48
1933,December,Monthly,1.8,3.83,4.2
1933,Winter,Seasonal,3.32,3.27,4.08
1933,Spring,Seasonal,8.22,7.05,8.07
1933,Summer,Seasonal,15.38,13.78,14.59
1933,Autumn,Seasonal,9.27,9.05,9.71
1933,Annual,Annual,8.82,8.31,9.14
1934,January,Monthly,3.9,3.02,3.92
1934,February,Monthly,3.8,2.96,4.13
1934,March,Monthly,4,4.67,5.7
1934,April,Monthly,6.5,6.73,7.87
1934,May,Monthly,9.8,9.75,10.64
1934,June,Monthly,13.4,12.66,13.33
1934,July,Monthly,16.3,14.4,15.29
1934,August,Monthly,13.9,14.24,15.11
1934,September,Monthly,13,12.2,12.93
1934,October,Monthly,9.1,9.43,9.73
1934,November,Monthly,5.3,5.51,6.48
1934,December,Monthly,6.8,3.83,4.2
1934,Winter,Seasonal,3.17,3.27,4.08
1934,Spring,Seasonal,6.77,7.05,8.07
1934,Summer,Seasonal,14.57,13.78,14.59
1934,Autumn,Seasonal,9.15,9.05,9.71
1934,Annual,Annual,8.87,8.31,9.14
1935,January,Monthly,4,3.02,3.92
1935,February,Monthly,4.6,2.96,4.13
1935,March,Monthly,5.7,4.67,5.7
1935,April,Monthly,6.8,6.73,7.87
1935,May,Monthly,9,9.75,10.64
1935,June,Monthly,13.2,12.66,13.33
1935,July,Monthly,15.4,14.4,15.29
1935,August,Monthly,15.1,14.24,15.11
1935,September,Monthly,12.1,12.2,12.93
1935,October,Monthly,8.3,9.43,9.73
1935,November,Monthly,5.6,5.51,6.48
1935,December,Monthly,2.1,3.83,4.2
1935,Winter,Seasonal,5.15,3.27,4.08
1935,Spring,Seasonal,7.15,7.05,8.07
1935,Summer,Seasonal,14.61,13.78,14.59
1935,Autumn,Seasonal,8.69,9.05,9.71
1935,Annual,Annual,8.52,8.31,9.14
1936,January,Monthly,2.6,3.02,3.92
1936,February,Monthly,1.9,2.96,4.13
1936,March,Monthly,5.8,4.67,5.7
1936,April,Monthly,5.4,6.73,7.87
1936,May,Monthly,10.1,9.75,10.64
1936,June,Monthly,13.2,12.66,13.33
1936,July,Monthly,14.1,14.4,15.29
1936,August,Monthly,14.8,14.24,15.11
1936,September,Monthly,13.1,12.2,12.93
1936,October,Monthly,8.5,9.43,9.73
1936,November,Monthly,4.9,5.51,6.48
1936,December,Monthly,4.5,3.83,4.2
1936,Winter,Seasonal,2.21,3.27,4.08
1936,Spring,Seasonal,7.12,7.05,8.07
1936,Summer,Seasonal,14.01,13.78,14.59
1936,Autumn,Seasonal,8.84,9.05,9.71
1936,Annual,Annual,8.26,8.31,9.14
1937,January,Monthly,4.2,3.02,3.92
1937,February,Monthly,4,2.96,4.13
1937,March,Monthly,2.4,4.67,5.7
1937,April,Monthly,7.9,6.73,7.87
1937,May,Monthly,10.7,9.75,10.64
1937,June,Monthly,12.6,12.66,13.33
1937,July,Monthly,14.5,14.4,15.29
1937,August,Monthly,15.2,14.24,15.11
1937,September,Monthly,12,12.2,12.93
1937,October,Monthly,9.2,9.43,9.73
1937,November,Monthly,4.9,5.51,6.48
1937,December,Monthly,2.2,3.83,4.2
1937,Winter,Seasonal,4.25,3.27,4.08
1937,Spring,Seasonal,6.98,7.05,8.07
1937,Summer,Seasonal,14.1,13.78,14.59
1937,Autumn,Seasonal,8.69,9.05,9.71
1937,Annual,Annual,8.33,8.31,9.14
1938,January,Monthly,4.7,3.02,3.92
1938,February,Monthly,4.1,2.96,4.13
1938,March,Monthly,8,4.67,5.7
1938,April,Monthly,6.8,6.73,7.87
1938,May,Monthly,9.3,9.75,10.64
1938,June,Monthly,12.6,12.66,13.33
1938,July,Monthly,13.6,14.4,15.29
1938,August,Monthly,14.5,14.24,15.11
1938,September,Monthly,12.5,12.2,12.93
1938,October,Monthly,9.3,9.43,9.73
1938,November,Monthly,7.8,5.51,6.48
1938,December,Monthly,3.5,3.83,4.2
1938,Winter,Seasonal,3.63,3.27,4.08
1938,Spring,Seasonal,8.04,7.05,8.07
1938,Summer,Seasonal,13.59,13.78,14.59
1938,Autumn,Seasonal,9.86,9.05,9.71
1938,Annual,Annual,8.92,8.31,9.14
1939,January,Monthly,3,3.02,3.92
1939,February,Monthly,4.8,2.96,4.13
1939,March,Monthly,5,4.67,5.7
1939,April,Monthly,7.3,6.73,7.87
1939,May,Monthly,10.1,9.75,10.64
1939,June,Monthly,12.9,12.66,13.33
1939,July,Monthly,13.9,14.4,15.29
1939,August,Monthly,15,14.24,15.11
1939,September,Monthly,13,12.2,12.93
1939,October,Monthly,7.5,9.43,9.73
1939,November,Monthly,7.2,5.51,6.48
1939,December,Monthly,2.8,3.83,4.2
1939,Winter,Seasonal,3.73,3.27,4.08
1939,Spring,Seasonal,7.5,7.05,8.07
1939,Summer,Seasonal,13.95,13.78,14.59
1939,Autumn,Seasonal,9.22,9.05,9.71
1939,Annual,Annual,8.57,8.31,9.14
1940,January,Monthly,-1.1,3.02,3.92
1940,February,Monthly,2,2.96,4.13
1940,March,Monthly,4.8,4.67,5.7
1940,April,Monthly,7.2,6.73,7.87
1940,May,Monthly,11.2,9.75,10.64
1940,June,Monthly,14.9,12.66,13.33
1940,July,Monthly,13.6,14.4,15.29
1940,August,Monthly,14.1,14.24,15.11
1940,September,Monthly,11.4,12.2,12.93
1940,October,Monthly,8.7,9.43,9.73
1940,November,Monthly,5.8,5.51,6.48
1940,December,Monthly,3.3,3.83,4.2
1940,Winter,Seasonal,1.22,3.27,4.08
1940,Spring,Seasonal,7.77,7.05,8.07
1940,Summer,Seasonal,14.18,13.78,14.59
1940,Autumn,Seasonal,8.64,9.05,9.71
1940,Annual,Annual,8.01,8.31,9.14
1941,January,Monthly,-0.2,3.02,3.92
1941,February,Monthly,2.3,2.96,4.13
1941,March,Monthly,3.9,4.67,5.7
1941,April,Monthly,5.5,6.73,7.87
1941,May,Monthly,8.2,9.75,10.64
1941,June,Monthly,13.3,12.66,13.33
1941,July,Monthly,15.4,14.4,15.29
1941,August,Monthly,13.4,14.24,15.11
1941,September,Monthly,13.5,12.2,12.93
1941,October,Monthly,9.3,9.43,9.73
1941,November,Monthly,5.6,5.51,6.48
1941,December,Monthly,4.9,3.83,4.2
1941,Winter,Seasonal,1.78,3.27,4.08
1941,Spring,Seasonal,5.85,7.05,8.07
1941,Summer,Seasonal,14.05,13.78,14.59
1941,Autumn,Seasonal,9.5,9.05,9.71
1941,Annual,Annual,7.96,8.31,9.14
1942,January,Monthly,1,3.02,3.92
1942,February,Monthly,0.1,2.96,4.13
1942,March,Monthly,4,4.67,5.7
1942,April,Monthly,7.8,6.73,7.87
1942,May,Monthly,9.6,9.75,10.64
1942,June,Monthly,12.6,12.66,13.33
1942,July,Monthly,14,14.4,15.29
1942,August,Monthly,14.8,14.24,15.11
1942,September,Monthly,12.2,12.2,12.93
1942,October,Monthly,9.3,9.43,9.73
1942,November,Monthly,4.7,5.51,6.48
1942,December,Monthly,5.7,3.83,4.2
1942,Winter,Seasonal,2.04,3.27,4.08
1942,Spring,Seasonal,7.15,7.05,8.07
1942,Summer,Seasonal,13.81,13.78,14.59
1942,Autumn,Seasonal,8.72,9.05,9.71
1942,Annual,Annual,8.03,8.31,9.14
1943,January,Monthly,3.9,3.02,3.92
1943,February,Monthly,5.2,2.96,4.13
1943,March,Monthly,5.9,4.67,5.7
1943,April,Monthly,9.1,6.73,7.87
1943,May,Monthly,10.3,9.75,10.64
1943,June,Monthly,12.9,12.66,13.33
1943,July,Monthly,14.6,14.4,15.29
1943,August,Monthly,14,14.24,15.11
1943,September,Monthly,11.8,12.2,12.93
1943,October,Monthly,9.8,9.43,9.73
1943,November,Monthly,5.5,5.51,6.48
1943,December,Monthly,3.4,3.83,4.2
1943,Winter,Seasonal,4.92,3.27,4.08
1943,Spring,Seasonal,8.44,7.05,8.07
1943,Summer,Seasonal,13.84,13.78,14.59
1943,Autumn,Seasonal,9.03,9.05,9.71
1943,Annual,Annual,8.88,8.31,9.14
1944,January,Monthly,5.1,3.02,3.92
1944,February,Monthly,2.9,2.96,4.13
1944,March,Monthly,4.5,4.67,5.7
1944,April,Monthly,8.7,6.73,7.87
1944,May,Monthly,9.8,9.75,10.64
1944,June,Monthly,12.1,12.66,13.33
1944,July,Monthly,14.9,14.4,15.29
1944,August,Monthly,15.4,14.24,15.11
1944,September,Monthly,11.2,12.2,12.93
1944,October,Monthly,8.2,9.43,9.73
1944,November,Monthly,5,5.51,6.48
1944,December,Monthly,3.2,3.83,4.2
1944,Winter,Seasonal,3.82,3.27,4.08
1944,Spring,Seasonal,7.65,7.05,8.07
1944,Summer,Seasonal,14.16,13.78,14.59
1944,Autumn,Seasonal,8.14,9.05,9.71
1944,Annual,Annual,8.44,8.31,9.14
1945,January,Monthly,-0.2,3.02,3.92
1945,February,Monthly,5.9,2.96,4.13
1945,March,Monthly,7.2,4.67,5.7
1945,April,Monthly,8.6,6.73,7.87
1945,May,Monthly,10.5,9.75,10.64
1945,June,Monthly,12.9,12.66,13.33
1945,July,Monthly,15.2,14.4,15.29
1945,August,Monthly,14.5,14.24,15.11
1945,September,Monthly,13.1,12.2,12.93
1945,October,Monthly,10.6,9.43,9.73
1945,November,Monthly,6.7,5.51,6.48
1945,December,Monthly,4.5,3.83,4.2
1945,Winter,Seasonal,2.87,3.27,4.08
1945,Spring,Seasonal,8.75,7.05,8.07
1945,Summer,Seasonal,14.23,13.78,14.59
1945,Autumn,Seasonal,10.13,9.05,9.71
1945,Annual,Annual,9.13,8.31,9.14
1946,January,Monthly,2.5,3.02,3.92
1946,February,Monthly,4.8,2.96,4.13
1946,March,Monthly,4.5,4.67,5.7
1946,April,Monthly,8.5,6.73,7.87
1946,May,Monthly,9.5,9.75,10.64
1946,June,Monthly,11.8,12.66,13.33
1946,July,Monthly,14.5,14.4,15.29
1946,August,Monthly,13.2,14.24,15.11
1946,September,Monthly,12.6,12.2,12.93
1946,October,Monthly,8.7,9.43,9.73
1946,November,Monthly,6.9,5.51,6.48
1946,December,Monthly,2.6,3.83,4.2
1946,Winter,Seasonal,3.92,3.27,4.08
1946,Spring,Seasonal,7.47,7.05,8.07
1946,Summer,Seasonal,13.17,13.78,14.59
1946,Autumn,Seasonal,9.4,9.05,9.71
1946,Annual,Annual,8.35,8.31,9.14
1947,January,Monthly,1.8,3.02,3.92
1947,February,Monthly,-2.1,2.96,4.13
1947,March,Monthly,2.1,4.67,5.7
1947,April,Monthly,7.2,6.73,7.87
1947,May,Monthly,11.4,9.75,10.64
1947,June,Monthly,13.7,12.66,13.33
1947,July,Monthly,15.2,14.4,15.29
1947,August,Monthly,17,14.24,15.11
1947,September,Monthly,13.3,12.2,12.93
1947,October,Monthly,9.9,9.43,9.73
1947,November,Monthly,6,5.51,6.48
1947,December,Monthly,4.3,3.83,4.2
1947,Winter,Seasonal,0.84,3.27,4.08
1947,Spring,Seasonal,6.9,7.05,8.07
1947,Summer,Seasonal,15.29,13.78,14.59
1947,Autumn,Seasonal,9.72,9.05,9.71
1947,Annual,Annual,8.37,8.31,9.14
1948,January,Monthly,3.7,3.02,3.92
1948,February,Monthly,3.8,2.96,4.13
1948,March,Monthly,7.3,4.67,5.7
1948,April,Monthly,7.8,6.73,7.87
1948,May,Monthly,9.9,9.75,10.64
1948,June,Monthly,12.2,12.66,13.33
1948,July,Monthly,14.2,14.4,15.29
1948,August,Monthly,13.5,14.24,15.11
1948,September,Monthly,12.4,12.2,12.93
1948,October,Monthly,9,9.43,9.73
1948,November,Monthly,6.7,5.51,6.48
1948,December,Monthly,4.9,3.83,4.2
1948,Winter,Seasonal,3.97,3.27,4.08
1948,Spring,Seasonal,8.32,7.05,8.07
1948,Summer,Seasonal,13.34,13.78,14.59
1948,Autumn,Seasonal,9.35,9.05,9.71
1948,Annual,Annual,8.81,8.31,9.14
1949,January,Monthly,4.5,3.02,3.92
1949,February,Monthly,4.8,2.96,4.13
1949,March,Monthly,4.3,4.67,5.7
1949,April,Monthly,8.6,6.73,7.87
1949,May,Monthly,9.7,9.75,10.64
1949,June,Monthly,13.4,12.66,13.33
1949,July,Monthly,15.6,14.4,15.29
1949,August,Monthly,15.2,14.24,15.11
1949,September,Monthly,14.6,12.2,12.93
1949,October,Monthly,10.6,9.43,9.73
1949,November,Monthly,5.9,5.51,6.48
1949,December,Monthly,4.7,3.83,4.2
1949,Winter,Seasonal,4.74,3.27,4.08
1949,Spring,Seasonal,7.55,7.05,8.07
1949,Summer,Seasonal,14.71,13.78,14.59
1949,Autumn,Seasonal,10.37,9.05,9.71
1949,Annual,Annual,9.34,8.31,9.14
1950,January,Monthly,3.8,3.02,3.92
1950,February,Monthly,4,2.96,4.13
1950,March,Monthly,6.5,4.67,5.7
1950,April,Monthly,6.3,6.73,7.87
1950,May,Monthly,9.9,9.75,10.64
1950,June,Monthly,14.3,12.66,13.33
1950,July,Monthly,14.6,14.4,15.29
1950,August,Monthly,14.2,14.24,15.11
1950,September,Monthly,11.6,12.2,12.93
1950,October,Monthly,8.7,9.43,9.73
1950,November,Monthly,4.7,5.51,6.48
1950,December,Monthly,0.6,3.83,4.2
1950,Winter,Seasonal,4.16,3.27,4.08
1950,Spring,Seasonal,7.6,7.05,8.07
1950,Summer,Seasonal,14.38,13.78,14.59
1950,Autumn,Seasonal,8.33,9.05,9.71
1950,Annual,Annual,8.3,8.31,9.14
1951,January,Monthly,2.9,3.02,3.92
1951,February,Monthly,2.6,2.96,4.13
1951,March,Monthly,3.2,4.67,5.7
1951,April,Monthly,5.5,6.73,7.87
1951,May,Monthly,8.7,9.75,10.64
1951,June,Monthly,12.2,12.66,13.33
1951,July,Monthly,14.7,14.4,15.29
1951,August,Monthly,13.5,14.24,15.11
1951,September,Monthly,12.8,12.2,12.93
1951,October,Monthly,9.2,9.43,9.73
1951,November,Monthly,7.2,5.51,6.48
1951,December,Monthly,4.6,3.83,4.2
1951,Winter,Seasonal,2,3.27,4.08
1951,Spring,Seasonal,5.78,7.05,8.07
1951,Summer,Seasonal,13.49,13.78,14.59
1951,Autumn,Seasonal,9.72,9.05,9.71
1951,Annual,Annual,8.11,8.31,9.14
1952,January,Monthly,1.6,3.02,3.92
1952,February,Monthly,2.7,2.96,4.13
1952,March,Monthly,5.5,4.67,5.7
1952,April,Monthly,8.3,6.73,7.87
1952,May,Monthly,11.6,9.75,10.64
1952,June,Monthly,12.5,12.66,13.33
1952,July,Monthly,15,14.4,15.29
1952,August,Monthly,14.4,14.24,15.11
1952,September,Monthly,9.9,12.2,12.93
1952,October,Monthly,8,9.43,9.73
1952,November,Monthly,3.4,5.51,6.48
1952,December,Monthly,2.6,3.83,4.2
1952,Winter,Seasonal,3.01,3.27,4.08
1952,Spring,Seasonal,8.47,7.05,8.07
1952,Summer,Seasonal,14,13.78,14.59
1952,Autumn,Seasonal,7.12,9.05,9.71
1952,Annual,Annual,7.99,8.31,9.14
1953,January,Monthly,3.2,3.02,3.92
1953,February,Monthly,3.8,2.96,4.13
1953,March,Monthly,5.1,4.67,5.7
1953,April,Monthly,6.1,6.73,7.87
1953,May,Monthly,11.2,9.75,10.64
1953,June,Monthly,12.9,12.66,13.33
1953,July,Monthly,14.1,14.4,15.29
1953,August,Monthly,14.6,14.24,15.11
1953,September,Monthly,12.8,12.2,12.93
1953,October,Monthly,9.2,9.43,9.73
1953,November,Monthly,7.5,5.51,6.48
1953,December,Monthly,6,3.83,4.2
1953,Winter,Seasonal,3.18,3.27,4.08
1953,Spring,Seasonal,7.48,7.05,8.07
1953,Summer,Seasonal,13.88,13.78,14.59
1953,Autumn,Seasonal,9.83,9.05,9.71
1953,Annual,Annual,8.91,8.31,9.14
1954,January,Monthly,2.6,3.02,3.92
1954,February,Monthly,1.8,2.96,4.13
1954,March,Monthly,4.7,4.67,5.7
1954,April,Monthly,6.7,6.73,7.87
1954,May,Monthly,10.1,9.75,10.64
1954,June,Monthly,12.1,12.66,13.33
1954,July,Monthly,12.9,14.4,15.29
1954,August,Monthly,13.2,14.24,15.11
1954,September,Monthly,11.3,12.2,12.93
1954,October,Monthly,10.4,9.43,9.73
1954,November,Monthly,5.9,5.51,6.48
1954,December,Monthly,5.6,3.83,4.2
1954,Winter,Seasonal,3.52,3.27,4.08
1954,Spring,Seasonal,7.16,7.05,8.07
1954,Summer,Seasonal,12.73,13.78,14.59
1954,Autumn,Seasonal,9.17,9.05,9.71
1954,Annual,Annual,8.13,8.31,9.14
1955,January,Monthly,1.8,3.02,3.92
1955,February,Monthly,0.3,2.96,4.13
1955,March,Monthly,2.6,4.67,5.7
1955,April,Monthly,8.2,6.73,7.87
1955,May,Monthly,8.4,9.75,10.64
1955,June,Monthly,12.3,12.66,13.33
1955,July,Monthly,15.9,14.4,15.29
1955,August,Monthly,16.4,14.24,15.11
1955,September,Monthly,13.1,12.2,12.93
1955,October,Monthly,8.2,9.43,9.73
1955,November,Monthly,6.5,5.51,6.48
1955,December,Monthly,4.5,3.83,4.2
1955,Winter,Seasonal,2.62,3.27,4.08
1955,Spring,Seasonal,6.38,7.05,8.07
1955,Summer,Seasonal,14.9,13.78,14.59
1955,Autumn,Seasonal,9.26,9.05,9.71
1955,Annual,Annual,8.23,8.31,9.14
1956,January,Monthly,2.6,3.02,3.92
1956,February,Monthly,-0.2,2.96,4.13
1956,March,Monthly,5.3,4.67,5.7
1956,April,Monthly,5.7,6.73,7.87
1956,May,Monthly,10.5,9.75,10.64
1956,June,Monthly,11.7,12.66,13.33
1956,July,Monthly,14.2,14.4,15.29
1956,August,Monthly,12.1,14.24,15.11
1956,September,Monthly,12.9,12.2,12.93
1956,October,Monthly,8.7,9.43,9.73
1956,November,Monthly,5.6,5.51,6.48
1956,December,Monthly,5.2,3.83,4.2
1956,Winter,Seasonal,2.37,3.27,4.08
1956,Spring,Seasonal,7.18,7.05,8.07
1956,Summer,Seasonal,12.71,13.78,14.59
1956,Autumn,Seasonal,9.06,9.05,9.71
1956,Annual,Annual,7.9,8.31,9.14
1957,January,Monthly,4.5,3.02,3.92
1957,February,Monthly,3.9,2.96,4.13
1957,March,Monthly,7.9,4.67,5.7
1957,April,Monthly,7.6,6.73,7.87
1957,May,Monthly,9.2,9.75,10.64
1957,June,Monthly,13.4,12.66,13.33
1957,July,Monthly,14.7,14.4,15.29
1957,August,Monthly,14,14.24,15.11
1957,September,Monthly,11.2,12.2,12.93
1957,October,Monthly,9.6,9.43,9.73
1957,November,Monthly,5.7,5.51,6.48
1957,December,Monthly,3.8,3.83,4.2
1957,Winter,Seasonal,4.53,3.27,4.08
1957,Spring,Seasonal,8.26,7.05,8.07
1957,Summer,Seasonal,14.07,13.78,14.59
1957,Autumn,Seasonal,8.86,9.05,9.71
1957,Annual,Annual,8.84,8.31,9.14
1958,January,Monthly,2.5,3.02,3.92
1958,February,Monthly,3.5,2.96,4.13
1958,March,Monthly,2.6,4.67,5.7
1958,April,Monthly,6.4,6.73,7.87
1958,May,Monthly,9.4,9.75,10.64
1958,June,Monthly,12.3,12.66,13.33
1958,July,Monthly,14.4,14.4,15.29
1958,August,Monthly,14.4,14.24,15.11
1958,September,Monthly,13.8,12.2,12.93
1958,October,Monthly,9.8,9.43,9.73
1958,November,Monthly,5.9,5.51,6.48
1958,December,Monthly,3.7,3.83,4.2
1958,Winter,Seasonal,3.26,3.27,4.08
1958,Spring,Seasonal,6.14,7.05,8.07
1958,Summer,Seasonal,13.7,13.78,14.59
1958,Autumn,Seasonal,9.84,9.05,9.71
1958,Annual,Annual,8.25,8.31,9.14
1959,January,Monthly,0.9,3.02,3.92
1959,February,Monthly,3.8,2.96,4.13
1959,March,Monthly,6.2,4.67,5.7
1959,April,Monthly,8,6.73,7.87
1959,May,Monthly,11.2,9.75,10.64
1959,June,Monthly,13.5,12.66,13.33
1959,July,Monthly,15.4,14.4,15.29
1959,August,Monthly,15.7,14.24,15.11
1959,September,Monthly,13.5,12.2,12.93
1959,October,Monthly,11.4,9.43,9.73
1959,November,Monthly,6.2,5.51,6.48
1959,December,Monthly,4.8,3.83,4.2
1959,Winter,Seasonal,2.75,3.27,4.08
1959,Spring,Seasonal,8.48,7.05,8.07
1959,Summer,Seasonal,14.88,13.78,14.59
1959,Autumn,Seasonal,10.38,9.05,9.71
1959,Annual,Annual,9.24,8.31,9.14
1960,January,Monthly,3.1,3.02,3.92
1960,February,Monthly,2.6,2.96,4.13
1960,March,Monthly,5.3,4.67,5.7
1960,April,Monthly,8,6.73,7.87
1960,May,Monthly,11.4,9.75,10.64
1960,June,Monthly,14.4,12.66,13.33
1960,July,Monthly,13.8,14.4,15.29
1960,August,Monthly,13.7,14.24,15.11
1960,September,Monthly,11.9,12.2,12.93
1960,October,Monthly,9.3,9.43,9.73
1960,November,Monthly,6,5.51,6.48
1960,December,Monthly,2.9,3.83,4.2
1960,Winter,Seasonal,3.52,3.27,4.08
1960,Spring,Seasonal,8.22,7.05,8.07
1960,Summer,Seasonal,13.94,13.78,14.59
1960,Autumn,Seasonal,9.04,9.05,9.71
1960,Annual,Annual,8.54,8.31,9.14
1961,January,Monthly,2.7,3.02,3.92
1961,February,Monthly,5.8,2.96,4.13
1961,March,Monthly,7.2,4.67,5.7
1961,April,Monthly,8.4,6.73,7.87
1961,May,Monthly,9.7,9.75,10.64
1961,June,Monthly,12.8,12.66,13.33
1961,July,Monthly,13.6,14.4,15.29
1961,August,Monthly,13.9,14.24,15.11
1961,September,Monthly,13.5,12.2,12.93
1961,October,Monthly,9.6,9.43,9.73
1961,November,Monthly,5.2,5.51,6.48
1961,December,Monthly,1.6,3.83,4.2
1961,Winter,Seasonal,3.74,3.27,4.08
1961,Spring,Seasonal,8.44,7.05,8.07
1961,Summer,Seasonal,13.42,13.78,14.59
1961,Autumn,Seasonal,9.44,9.05,9.71
1961,Annual,Annual,8.67,8.31,9.14
1962,January,Monthly,3.5,3.02,3.92
1962,February,Monthly,3.7,2.96,4.13
1962,March,Monthly,1.8,4.67,5.7
1962,April,Monthly,6.5,6.73,7.87
1962,May,Monthly,8.9,9.75,10.64
1962,June,Monthly,12.2,12.66,13.33
1962,July,Monthly,13.2,14.4,15.29
1962,August,Monthly,13,14.24,15.11
1962,September,Monthly,11.4,12.2,12.93
1962,October,Monthly,9.6,9.43,9.73
1962,November,Monthly,4.7,5.51,6.48
1962,December,Monthly,2,3.83,4.2
1962,Winter,Seasonal,2.92,3.27,4.08
1962,Spring,Seasonal,5.73,7.05,8.07
1962,Summer,Seasonal,12.79,13.78,14.59
1962,Autumn,Seasonal,8.57,9.05,9.71
1962,Annual,Annual,7.56,8.31,9.14
1963,January,Monthly,-1.8,3.02,3.92
1963,February,Monthly,-1.1,2.96,4.13
1963,March,Monthly,4.9,4.67,5.7
1963,April,Monthly,7.2,6.73,7.87
1963,May,Monthly,9.1,9.75,10.64
1963,June,Monthly,13.3,12.66,13.33
1963,July,Monthly,13.5,14.4,15.29
1963,August,Monthly,12.9,14.24,15.11
1963,September,Monthly,11.7,12.2,12.93
1963,October,Monthly,9.7,9.43,9.73
1963,November,Monthly,6.6,5.51,6.48
1963,December,Monthly,2.3,3.83,4.2
1963,Winter,Seasonal,-0.27,3.27,4.08
1963,Spring,Seasonal,7.06,7.05,8.07
1963,Summer,Seasonal,13.25,13.78,14.59
1963,Autumn,Seasonal,9.33,9.05,9.71
1963,Annual,Annual,7.41,8.31,9.14
1964,January,Monthly,3.2,3.02,3.92
1964,February,Monthly,3.7,2.96,4.13
1964,March,Monthly,3.6,4.67,5.7
1964,April,Monthly,7.6,6.73,7.87
1964,May,Monthly,11.5,9.75,10.64
1964,June,Monthly,12.3,12.66,13.33
1964,July,Monthly,14.3,14.4,15.29
1964,August,Monthly,13.8,14.24,15.11
1964,September,Monthly,12.6,12.2,12.93
1964,October,Monthly,8,9.43,9.73
1964,November,Monthly,6.4,5.51,6.48
1964,December,Monthly,2.7,3.83,4.2
1964,Winter,Seasonal,3.03,3.27,4.08
1964,Spring,Seasonal,7.56,7.05,8.07
1964,Summer,Seasonal,13.5,13.78,14.59
1964,Autumn,Seasonal,8.98,9.05,9.71
1964,Annual,Annual,8.31,8.31,9.14
1965,January,Monthly,2.4,3.02,3.92
1965,February,Monthly,2.6,2.96,4.13
1965,March,Monthly,4.1,4.67,5.7
1965,April,Monthly,6.9,6.73,7.87
1965,May,Monthly,10,9.75,10.64
1965,June,Monthly,12.8,12.66,13.33
1965,July,Monthly,12.5,14.4,15.29
1965,August,Monthly,13.4,14.24,15.11
1965,September,Monthly,11.2,12.2,12.93
1965,October,Monthly,9.8,9.43,9.73
1965,November,Monthly,3.6,5.51,6.48
1965,December,Monthly,3.3,3.83,4.2
1965,Winter,Seasonal,2.59,3.27,4.08
1965,Spring,Seasonal,7.01,7.05,8.07
1965,Summer,Seasonal,12.89,13.78,14.59
1965,Autumn,Seasonal,8.23,9.05,9.71
1965,Annual,Annual,7.76,8.31,9.14
1966,January,Monthly,2.2,3.02,3.92
1966,February,Monthly,4,2.96,4.13
1966,March,Monthly,5.6,4.67,5.7
1966,April,Monthly,5.8,6.73,7.87
1966,May,Monthly,9.7,9.75,10.64
1966,June,Monthly,13.8,12.66,13.33
1966,July,Monthly,13.5,14.4,15.29
1966,August,Monthly,13.2,14.24,15.11
1966,September,Monthly,12.7,12.2,12.93
1966,October,Monthly,8.9,9.43,9.73
1966,November,Monthly,4.5,5.51,6.48
1966,December,Monthly,4.1,3.83,4.2
1966,Winter,Seasonal,3.12,3.27,4.08
1966,Spring,Seasonal,7.04,7.05,8.07
1966,Summer,Seasonal,13.5,13.78,14.59
1966,Autumn,Seasonal,8.69,9.05,9.71
1966,Annual,Annual,8.19,8.31,9.14
1967,January,Monthly,3.7,3.02,3.92
1967,February,Monthly,4.5,2.96,4.13
1967,March,Monthly,5.8,4.67,5.7
1967,April,Monthly,6.8,6.73,7.87
1967,May,Monthly,8.8,9.75,10.64
1967,June,Monthly,12.7,12.66,13.33
1967,July,Monthly,14.8,14.4,15.29
1967,August,Monthly,14.1,14.24,15.11
1967,September,Monthly,12.4,12.2,12.93
1967,October,Monthly,9.3,9.43,9.73
1967,November,Monthly,4.8,5.51,6.48
1967,December,Monthly,3.6,3.83,4.2
1967,Winter,Seasonal,4.09,3.27,4.08
1967,Spring,Seasonal,7.16,7.05,8.07
1967,Summer,Seasonal,13.88,13.78,14.59
1967,Autumn,Seasonal,8.83,9.05,9.71
1967,Annual,Annual,8.47,8.31,9.14
1968,January,Monthly,3.5,3.02,3.92
1968,February,Monthly,1.1,2.96,4.13
1968,March,Monthly,5.2,4.67,5.7
1968,April,Monthly,6.9,6.73,7.87
1968,May,Monthly,8.4,9.75,10.64
1968,June,Monthly,13.2,12.66,13.33
1968,July,Monthly,13.5,14.4,15.29
1968,August,Monthly,14.1,14.24,15.11
1968,September,Monthly,12.5,12.2,12.93
1968,October,Monthly,11.1,9.43,9.73
1968,November,Monthly,5.5,5.51,6.48
1968,December,Monthly,2.6,3.83,4.2
1968,Winter,Seasonal,2.77,3.27,4.08
1968,Spring,Seasonal,6.82,7.05,8.07
1968,Summer,Seasonal,13.6,13.78,14.59
1968,Autumn,Seasonal,9.74,9.05,9.71
1968,Annual,Annual,8.16,8.31,9.14
1969,January,Monthly,4.4,3.02,3.92
1969,February,Monthly,0.2,2.96,4.13
1969,March,Monthly,2.6,4.67,5.7
1969,April,Monthly,6.3,6.73,7.87
1969,May,Monthly,9.7,9.75,10.64
1969,June,Monthly,12.6,12.66,13.33
1969,July,Monthly,15.1,14.4,15.29
1969,August,Monthly,14.9,14.24,15.11
1969,September,Monthly,12.6,12.2,12.93
1969,October,Monthly,11.7,9.43,9.73
1969,November,Monthly,4,5.51,6.48
1969,December,Monthly,2.7,3.83,4.2
1969,Winter,Seasonal,2.47,3.27,4.08
1969,Spring,Seasonal,6.18,7.05,8.07
1969,Summer,Seasonal,14.24,13.78,14.59
1969,Autumn,Seasonal,9.46,9.05,9.71
1969,Annual,Annual,8.12,8.31,9.14
1970,January,Monthly,2.9,3.02,3.92
1970,February,Monthly,1.8,2.96,4.13
1970,March,Monthly,3,4.67,5.7
1970,April,Monthly,5.5,6.73,7.87
1970,May,Monthly,11.2,9.75,10.64
1970,June,Monthly,14.6,12.66,13.33
1970,July,Monthly,13.5,14.4,15.29
1970,August,Monthly,14.6,14.24,15.11
1970,September,Monthly,12.9,12.2,12.93
1970,October,Monthly,9.5,9.43,9.73
1970,November,Monthly,6.3,5.51,6.48
1970,December,Monthly,3.6,3.83,4.2
1970,Winter,Seasonal,2.5,3.27,4.08
1970,Spring,Seasonal,6.56,7.05,8.07
1970,Summer,Seasonal,14.22,13.78,14.59
1970,Autumn,Seasonal,9.56,9.05,9.71
1970,Annual,Annual,8.31,8.31,9.14
1971,January,Monthly,3.9,3.02,3.92
1971,February,Monthly,4,2.96,4.13
1971,March,Monthly,4.4,4.67,5.7
1971,April,Monthly,6.7,6.73,7.87
1971,May,Monthly,10.3,9.75,10.64
1971,June,Monthly,11.1,12.66,13.33
1971,July,Monthly,15.1,14.4,15.29
1971,August,Monthly,14.2,14.24,15.11
1971,September,Monthly,13.1,12.2,12.93
1971,October,Monthly,10.3,9.43,9.73
1971,November,Monthly,5.3,5.51,6.48
1971,December,Monthly,6,3.83,4.2
1971,Winter,Seasonal,3.84,3.27,4.08
1971,Spring,Seasonal,7.12,7.05,8.07
1971,Summer,Seasonal,13.5,13.78,14.59
1971,Autumn,Seasonal,9.56,9.05,9.71
1971,Annual,Annual,8.73,8.31,9.14
1972,January,Monthly,3.1,3.02,3.92
1972,February,Monthly,3.4,2.96,4.13
1972,March,Monthly,5.4,4.67,5.7
1972,April,Monthly,7.3,6.73,7.87
1972,May,Monthly,9.4,9.75,10.64
1972,June,Monthly,10.5,12.66,13.33
1972,July,Monthly,14.1,14.4,15.29
1972,August,Monthly,13.5,14.24,15.11
1972,September,Monthly,10.7,12.2,12.93
1972,October,Monthly,9.6,9.43,9.73
1972,November,Monthly,5.2,5.51,6.48
1972,December,Monthly,4.8,3.83,4.2
1972,Winter,Seasonal,4.2,3.27,4.08
1972,Spring,Seasonal,7.34,7.05,8.07
1972,Summer,Seasonal,12.73,13.78,14.59
1972,Autumn,Seasonal,8.49,9.05,9.71
1972,Annual,Annual,8.1,8.31,9.14
1973,January,Monthly,3.9,3.02,3.92
1973,February,Monthly,3.4,2.96,4.13
1973,March,Monthly,5.4,4.67,5.7
1973,April,Monthly,5.9,6.73,7.87
1973,May,Monthly,9.8,9.75,10.64
1973,June,Monthly,13.3,12.66,13.33
1973,July,Monthly,14.3,14.4,15.29
1973,August,Monthly,14.9,14.24,15.11
1973,September,Monthly,12.8,12.2,12.93
1973,October,Monthly,8.2,9.43,9.73
1973,November,Monthly,5.1,5.51,6.48
1973,December,Monthly,4,3.83,4.2
1973,Winter,Seasonal,4.05,3.27,4.08
1973,Spring,Seasonal,7.05,7.05,8.07
1973,Summer,Seasonal,14.17,13.78,14.59
1973,Autumn,Seasonal,8.65,9.05,9.71
1973,Annual,Annual,8.43,8.31,9.14
1974,January,Monthly,5.1,3.02,3.92
1974,February,Monthly,4.5,2.96,4.13
1974,March,Monthly,4.6,4.67,5.7
1974,April,Monthly,7.1,6.73,7.87
1974,May,Monthly,9.7,9.75,10.64
1974,June,Monthly,12.3,12.66,13.33
1974,July,Monthly,13.5,14.4,15.29
1974,August,Monthly,13.7,14.24,15.11
1974,September,Monthly,10.7,12.2,12.93
1974,October,Monthly,6.9,9.43,9.73
1974,November,Monthly,5.6,5.51,6.48
1974,December,Monthly,6.5,3.83,4.2
1974,Winter,Seasonal,4.51,3.27,4.08
1974,Spring,Seasonal,7.16,7.05,8.07
1974,Summer,Seasonal,13.18,13.78,14.59
1974,Autumn,Seasonal,7.7,9.05,9.71
1974,Annual,Annual,8.38,8.31,9.14
1975,January,Monthly,5.3,3.02,3.92
1975,February,Monthly,3.8,2.96,4.13
1975,March,Monthly,3.9,4.67,5.7
1975,April,Monthly,7.1,6.73,7.87
1975,May,Monthly,8.6,9.75,10.64
1975,June,Monthly,13,12.66,13.33
1975,July,Monthly,15.5,14.4,15.29
1975,August,Monthly,16.7,14.24,15.11
1975,September,Monthly,11.8,12.2,12.93
1975,October,Monthly,9.2,9.43,9.73
1975,November,Monthly,5.4,5.51,6.48
1975,December,Monthly,4.6,3.83,4.2
1975,Winter,Seasonal,5.26,3.27,4.08
1975,Spring,Seasonal,6.5,7.05,8.07
1975,Summer,Seasonal,15.08,13.78,14.59
1975,Autumn,Seasonal,8.78,9.05,9.71
1975,Annual,Annual,8.77,8.31,9.14
1976,January,Monthly,4.6,3.02,3.92
1976,February,Monthly,3.8,2.96,4.13
1976,March,Monthly,4,4.67,5.7
1976,April,Monthly,7,6.73,7.87
1976,May,Monthly,10.3,9.75,10.64
1976,June,Monthly,14.9,12.66,13.33
1976,July,Monthly,16.5,14.4,15.29
1976,August,Monthly,15.7,14.24,15.11
1976,September,Monthly,12,12.2,12.93
1976,October,Monthly,9.3,9.43,9.73
1976,November,Monthly,5.2,5.51,6.48
1976,December,Monthly,1.3,3.83,4.2
1976,Winter,Seasonal,4.34,3.27,4.08
1976,Spring,Seasonal,7.12,7.05,8.07
1976,Summer,Seasonal,15.7,13.78,14.59
1976,Autumn,Seasonal,8.87,9.05,9.71
1976,Annual,Annual,8.74,8.31,9.14
1977,January,Monthly,1.9,3.02,3.92
1977,February,Monthly,3.6,2.96,4.13
1977,March,Monthly,5.8,4.67,5.7
1977,April,Monthly,6,6.73,7.87
1977,May,Monthly,9.2,9.75,10.64
1977,June,Monthly,11.2,12.66,13.33
1977,July,Monthly,14.6,14.4,15.29
1977,August,Monthly,13.9,14.24,15.11
1977,September,Monthly,11.7,12.2,12.93
1977,October,Monthly,10.6,9.43,9.73
1977,November,Monthly,5.1,5.51,6.48
1977,December,Monthly,5.1,3.83,4.2
1977,Winter,Seasonal,2.2,3.27,4.08
1977,Spring,Seasonal,7.03,7.05,8.07
1977,Summer,Seasonal,13.25,13.78,14.59
1977,Autumn,Seasonal,9.16,9.05,9.71
1977,Annual,Annual,8.27,8.31,9.14
1978,January,Monthly,2.3,3.02,3.92
1978,February,Monthly,1.4,2.96,4.13
1978,March,Monthly,5.5,4.67,5.7
1978,April,Monthly,5.5,6.73,7.87
1978,May,Monthly,10.4,9.75,10.64
1978,June,Monthly,12.3,12.66,13.33
1978,July,Monthly,13.3,14.4,15.29
1978,August,Monthly,13.7,14.24,15.11
1978,September,Monthly,12.6,12.2,12.93
1978,October,Monthly,10.7,9.43,9.73
1978,November,Monthly,7.3,5.51,6.48
1978,December,Monthly,3.3,3.83,4.2
1978,Winter,Seasonal,2.98,3.27,4.08
1978,Spring,Seasonal,7.12,7.05,8.07
1978,Summer,Seasonal,13.11,13.78,14.59
1978,Autumn,Seasonal,10.21,9.05,9.71
1978,Annual,Annual,8.23,8.31,9.14
1979,January,Monthly,-0.5,3.02,3.92
1979,February,Monthly,0.6,2.96,4.13
1979,March,Monthly,3.4,4.67,5.7
1979,April,Monthly,6.4,6.73,7.87
1979,May,Monthly,8.4,9.75,10.64
1979,June,Monthly,12.7,12.66,13.33
1979,July,Monthly,14.4,14.4,15.29
1979,August,Monthly,13.3,14.24,15.11
1979,September,Monthly,11.9,12.2,12.93
1979,October,Monthly,10.1,9.43,9.73
1979,November,Monthly,5.6,5.51,6.48
1979,December,Monthly,4.4,3.83,4.2
1979,Winter,Seasonal,1.15,3.27,4.08
1979,Spring,Seasonal,6.04,7.05,8.07
1979,Summer,Seasonal,13.47,13.78,14.59
1979,Autumn,Seasonal,9.23,9.05,9.71
1979,Annual,Annual,7.6,8.31,9.14
1980,January,Monthly,1.7,3.02,3.92
1980,February,Monthly,4.5,2.96,4.13
1980,March,Monthly,3.7,4.67,5.7
1980,April,Monthly,7.7,6.73,7.87
1980,May,Monthly,10,9.75,10.64
1980,June,Monthly,12.5,12.66,13.33
1980,July,Monthly,13.3,14.4,15.29
1980,August,Monthly,14.4,14.24,15.11
1980,September,Monthly,13.3,12.2,12.93
1980,October,Monthly,7.8,9.43,9.73
1980,November,Monthly,5.5,5.51,6.48
1980,December,Monthly,4.7,3.83,4.2
1980,Winter,Seasonal,3.53,3.27,4.08
1980,Spring,Seasonal,7.09,7.05,8.07
1980,Summer,Seasonal,13.42,13.78,14.59
1980,Autumn,Seasonal,8.86,9.05,9.71
1980,Annual,Annual,8.26,8.31,9.14
1981,January,Monthly,3.8,3.02,3.92
1981,February,Monthly,2.5,2.96,4.13
1981,March,Monthly,6.3,4.67,5.7
1981,April,Monthly,6.8,6.73,7.87
1981,May,Monthly,10.2,9.75,10.64
1981,June,Monthly,12,12.66,13.33
1981,July,Monthly,14.1,14.4,15.29
1981,August,Monthly,14.8,14.24,15.11
1981,September,Monthly,13.1,12.2,12.93
1981,October,Monthly,6.8,9.43,9.73
1981,November,Monthly,6.5,5.51,6.48
1981,December,Monthly,0,3.83,4.2
1981,Winter,Seasonal,3.7,3.27,4.08
1981,Spring,Seasonal,7.78,7.05,8.07
1981,Summer,Seasonal,13.65,13.78,14.59
1981,Autumn,Seasonal,8.79,9.05,9.71
1981,Annual,Annual,8.1,8.31,9.14
1982,January,Monthly,2.1,3.02,3.92
1982,February,Monthly,4.2,2.96,4.13
1982,March,Monthly,5,4.67,5.7
1982,April,Monthly,7.6,6.73,7.87
1982,May,Monthly,10.1,9.75,10.64
1982,June,Monthly,13.6,12.66,13.33
1982,July,Monthly,15.1,14.4,15.29
1982,August,Monthly,14.4,14.24,15.11
1982,September,Monthly,12.6,12.2,12.93
1982,October,Monthly,9.1,9.43,9.73
1982,November,Monthly,6.5,5.51,6.48
1982,December,Monthly,3.4,3.83,4.2
1982,Winter,Seasonal,2,3.27,4.08
1982,Spring,Seasonal,7.54,7.05,8.07
1982,Summer,Seasonal,14.37,13.78,14.59
1982,Autumn,Seasonal,9.43,9.05,9.71
1982,Annual,Annual,8.65,8.31,9.14
1983,January,Monthly,5.4,3.02,3.92
1983,February,Monthly,1.3,2.96,4.13
1983,March,Monthly,5.5,4.67,5.7
1983,April,Monthly,5.5,6.73,7.87
1983,May,Monthly,8.9,9.75,10.64
1983,June,Monthly,12.7,12.66,13.33
1983,July,Monthly,17.1,14.4,15.29
1983,August,Monthly,15.9,14.24,15.11
1983,September,Monthly,12.1,12.2,12.93
1983,October,Monthly,9.2,9.43,9.73
1983,November,Monthly,6.6,5.51,6.48
1983,December,Monthly,5,3.83,4.2
1983,Winter,Seasonal,3.41,3.27,4.08
1983,Spring,Seasonal,6.65,7.05,8.07
1983,Summer,Seasonal,15.24,13.78,14.59
1983,Autumn,Seasonal,9.32,9.05,9.71
1983,Annual,Annual,8.83,8.31,9.14
1984,January,Monthly,2.3,3.02,3.92
1984,February,Monthly,3.1,2.96,4.13
1984,March,Monthly,3.9,4.67,5.7
1984,April,Monthly,7.2,6.73,7.87
1984,May,Monthly,8.9,9.75,10.64
1984,June,Monthly,13.1,12.66,13.33
1984,July,Monthly,15.2,14.4,15.29
1984,August,Monthly,15.8,14.24,15.11
1984,September,Monthly,12.1,12.2,12.93
1984,October,Monthly,9.7,9.43,9.73
1984,November,Monthly,6.8,5.51,6.48
1984,December,Monthly,4.6,3.83,4.2
1984,Winter,Seasonal,3.49,3.27,4.08
1984,Spring,Seasonal,6.66,7.05,8.07
1984,Summer,Seasonal,14.71,13.78,14.59
1984,Autumn,Seasonal,9.54,9.05,9.71
1984,Annual,Annual,8.58,8.31,9.14
1985,January,Monthly,0.4,3.02,3.92
1985,February,Monthly,2,2.96,4.13
1985,March,Monthly,3.7,4.67,5.7
1985,April,Monthly,7.2,6.73,7.87
1985,May,Monthly,9.6,9.75,10.64
1985,June,Monthly,11.3,12.66,13.33
1985,July,Monthly,14.5,14.4,15.29
1985,August,Monthly,13.3,14.24,15.11
1985,September,Monthly,12.8,12.2,12.93
1985,October,Monthly,9.9,9.43,9.73
1985,November,Monthly,3.1,5.51,6.48
1985,December,Monthly,5.1,3.83,4.2
1985,Winter,Seasonal,2.35,3.27,4.08
1985,Spring,Seasonal,6.84,7.05,8.07
1985,Summer,Seasonal,13.06,13.78,14.59
1985,Autumn,Seasonal,8.63,9.05,9.71
1985,Annual,Annual,7.79,8.31,9.14
1986,January,Monthly,2.5,3.02,3.92
1986,February,Monthly,-1.1,2.96,4.13
1986,March,Monthly,4.3,4.67,5.7
1986,April,Monthly,4.8,6.73,7.87
1986,May,Monthly,9.8,9.75,10.64
1986,June,Monthly,13.2,12.66,13.33
1986,July,Monthly,14.2,14.4,15.29
1986,August,Monthly,12.2,14.24,15.11
1986,September,Monthly,10.3,12.2,12.93
1986,October,Monthly,9.7,9.43,9.73
1986,November,Monthly,6.7,5.51,6.48
1986,December,Monthly,4.8,3.83,4.2
1986,Winter,Seasonal,2.28,3.27,4.08
1986,Spring,Seasonal,6.29,7.05,8.07
1986,Summer,Seasonal,13.24,13.78,14.59
1986,Autumn,Seasonal,8.91,9.05,9.71
1986,Annual,Annual,7.68,8.31,9.14
1987,January,Monthly,0.7,3.02,3.92
1987,February,Monthly,2.9,2.96,4.13
1987,March,Monthly,3.3,4.67,5.7
1987,April,Monthly,8.7,6.73,7.87
1987,May,Monthly,9,9.75,10.64
1987,June,Monthly,11.3,12.66,13.33
1987,July,Monthly,14.5,14.4,15.29
1987,August,Monthly,14.1,14.24,15.11
1987,September,Monthly,12.2,12.2,12.93
1987,October,Monthly,8.3,9.43,9.73
1987,November,Monthly,5.8,5.51,6.48
1987,December,Monthly,4.8,3.83,4.2
1987,Winter,Seasonal,2.76,3.27,4.08
1987,Spring,Seasonal,6.98,7.05,8.07
1987,Summer,Seasonal,13.35,13.78,14.59
1987,Autumn,Seasonal,8.78,9.05,9.71
1987,Annual,Annual,8,8.31,9.14
1988,January,Monthly,4.1,3.02,3.92
1988,February,Monthly,3.9,2.96,4.13
1988,March,Monthly,5.1,4.67,5.7
1988,April,Monthly,7.1,6.73,7.87
1988,May,Monthly,10.5,9.75,10.64
1988,June,Monthly,13.3,12.66,13.33
1988,July,Monthly,13.5,14.4,15.29
1988,August,Monthly,13.9,14.24,15.11
1988,September,Monthly,12.1,12.2,12.93
1988,October,Monthly,9.4,9.43,9.73
1988,November,Monthly,5,5.51,6.48
1988,December,Monthly,6.6,3.83,4.2
1988,Winter,Seasonal,4.27,3.27,4.08
1988,Spring,Seasonal,7.57,7.05,8.07
1988,Summer,Seasonal,13.59,13.78,14.59
1988,Autumn,Seasonal,8.82,9.05,9.71
1988,Annual,Annual,8.73,8.31,9.14
1989,January,Monthly,5.8,3.02,3.92
1989,February,Monthly,4.9,2.96,4.13
1989,March,Monthly,6,4.67,5.7
1989,April,Monthly,5.5,6.73,7.87
1989,May,Monthly,11.3,9.75,10.64
1989,June,Monthly,12.9,12.66,13.33
1989,July,Monthly,16.4,14.4,15.29
1989,August,Monthly,14.8,14.24,15.11
1989,September,Monthly,12.8,12.2,12.93
1989,October,Monthly,10.5,9.43,9.73
1989,November,Monthly,5.7,5.51,6.48
1989,December,Monthly,3.6,3.83,4.2
1989,Winter,Seasonal,5.79,3.27,4.08
1989,Spring,Seasonal,7.64,7.05,8.07
1989,Summer,Seasonal,14.73,13.78,14.59
1989,Autumn,Seasonal,9.68,9.05,9.71
1989,Annual,Annual,9.23,8.31,9.14
1990,January,Monthly,5.5,3.02,3.92
1990,February,Monthly,5.9,2.96,4.13
1990,March,Monthly,7.2,4.67,5.7
1990,April,Monthly,7,6.73,7.87
1990,May,Monthly,11.2,9.75,10.64
1990,June,Monthly,12.4,12.66,13.33
1990,July,Monthly,15.2,14.4,15.29
1990,August,Monthly,16.1,14.24,15.11
1990,September,Monthly,11.7,12.2,12.93
1990,October,Monthly,10.5,9.43,9.73
1990,November,Monthly,5.8,5.51,6.48
1990,December,Monthly,3.7,3.83,4.2
1990,Winter,Seasonal,4.97,3.27,4.08
1990,Spring,Seasonal,8.49,7.05,8.07
1990,Summer,Seasonal,14.57,13.78,14.59
1990,Autumn,Seasonal,9.35,9.05,9.71
1990,Annual,Annual,9.38,8.31,9.14
1991,January,Monthly,2.5,3.02,3.92
1991,February,Monthly,1.3,2.96,4.13
1991,March,Monthly,6.6,4.67,5.7
1991,April,Monthly,6.9,6.73,7.87
1991,May,Monthly,9.9,9.75,10.64
1991,June,Monthly,11,12.66,13.33
1991,July,Monthly,15.9,14.4,15.29
1991,August,Monthly,15.6,14.24,15.11
1991,September,Monthly,13.1,12.2,12.93
1991,October,Monthly,9,9.43,9.73
1991,November,Monthly,5.7,5.51,6.48
1991,December,Monthly,4.2,3.83,4.2
1991,Winter,Seasonal,2.57,3.27,4.08
1991,Spring,Seasonal,7.84,7.05,8.07
1991,Summer,Seasonal,14.2,13.78,14.59
1991,Autumn,Seasonal,9.26,9.05,9.71
1991,Annual,Annual,8.54,8.31,9.14
1992,January,Monthly,3.4,3.02,3.92
1992,February,Monthly,4.8,2.96,4.13
1992,March,Monthly,6.1,4.67,5.7
1992,April,Monthly,7.4,6.73,7.87
1992,May,Monthly,11.9,9.75,10.64
1992,June,Monthly,14.3,12.66,13.33
1992,July,Monthly,14.7,14.4,15.29
1992,August,Monthly,13.8,14.24,15.11
1992,September,Monthly,11.9,12.2,12.93
1992,October,Monthly,6.7,9.43,9.73
1992,November,Monthly,6.1,5.51,6.48
1992,December,Monthly,3.1,3.83,4.2
1992,Winter,Seasonal,4.11,3.27,4.08
1992,Spring,Seasonal,8.51,7.05,8.07
1992,Summer,Seasonal,14.27,13.78,14.59
1992,Autumn,Seasonal,8.22,9.05,9.71
1992,Annual,Annual,8.69,8.31,9.14
1993,January,Monthly,4.7,3.02,3.92
1993,February,Monthly,4.6,2.96,4.13
1993,March,Monthly,5.6,4.67,5.7
1993,April,Monthly,8.2,6.73,7.87
1993,May,Monthly,10,9.75,10.64
1993,June,Monthly,13.3,12.66,13.33
1993,July,Monthly,13.7,14.4,15.29
1993,August,Monthly,13.1,14.24,15.11
1993,September,Monthly,11.2,12.2,12.93
1993,October,Monthly,7.3,9.43,9.73
1993,November,Monthly,4.1,5.51,6.48
1993,December,Monthly,3.9,3.83,4.2
1993,Winter,Seasonal,4.13,3.27,4.08
1993,Spring,Seasonal,7.9,7.05,8.07
1993,Summer,Seasonal,13.39,13.78,14.59
1993,Autumn,Seasonal,7.52,9.05,9.71
1993,Annual,Annual,8.33,8.31,9.14
1994,January,Monthly,4,3.02,3.92
1994,February,Monthly,2.4,2.96,4.13
1994,March,Monthly,6,4.67,5.7
1994,April,Monthly,6.9,6.73,7.87
1994,May,Monthly,9.3,9.75,10.64
1994,June,Monthly,12.8,12.66,13.33
1994,July,Monthly,16,14.4,15.29
1994,August,Monthly,14.3,14.24,15.11
1994,September,Monthly,11.5,12.2,12.93
1994,October,Monthly,9,9.43,9.73
1994,November,Monthly,8.8,5.51,6.48
1994,December,Monthly,5.3,3.83,4.2
1994,Winter,Seasonal,3.43,3.27,4.08
1994,Spring,Seasonal,7.38,7.05,8.07
1994,Summer,Seasonal,14.36,13.78,14.59
1994,Autumn,Seasonal,9.76,9.05,9.71
1994,Annual,Annual,8.88,8.31,9.14
1995,January,Monthly,3.5,3.02,3.92
1995,February,Monthly,5,2.96,4.13
1995,March,Monthly,4.2,4.67,5.7
1995,April,Monthly,7.6,6.73,7.87
1995,May,Monthly,10.2,9.75,10.64
1995,June,Monthly,12.9,12.66,13.33
1995,July,Monthly,16.6,14.4,15.29
1995,August,Monthly,17.3,14.24,15.11
1995,September,Monthly,12.4,12.2,12.93
1995,October,Monthly,11.6,9.43,9.73
1995,November,Monthly,6.9,5.51,6.48
1995,December,Monthly,1.6,3.83,4.2
1995,Winter,Seasonal,4.6,3.27,4.08
1995,Spring,Seasonal,7.33,7.05,8.07
1995,Summer,Seasonal,15.62,13.78,14.59
1995,Autumn,Seasonal,10.3,9.05,9.71
1995,Annual,Annual,9.18,8.31,9.14
1996,January,Monthly,4,3.02,3.92
1996,February,Monthly,2,2.96,4.13
1996,March,Monthly,3.7,4.67,5.7
1996,April,Monthly,7.5,6.73,7.87
1996,May,Monthly,8,9.75,10.64
1996,June,Monthly,12.9,12.66,13.33
1996,July,Monthly,14.7,14.4,15.29
1996,August,Monthly,15.1,14.24,15.11
1996,September,Monthly,12.6,12.2,12.93
1996,October,Monthly,10.4,9.43,9.73
1996,November,Monthly,4.7,5.51,6.48
1996,December,Monthly,2.5,3.83,4.2
1996,Winter,Seasonal,2.56,3.27,4.08
1996,Spring,Seasonal,6.38,7.05,8.07
1996,Summer,Seasonal,14.25,13.78,14.59
1996,Autumn,Seasonal,9.23,9.05,9.71
1996,Annual,Annual,8.19,8.31,9.14
1997,January,Monthly,2.1,3.02,3.92
1997,February,Monthly,5.3,2.96,4.13
1997,March,Monthly,7.1,4.67,5.7
1997,April,Monthly,7.9,6.73,7.87
1997,May,Monthly,10.2,9.75,10.64
1997,June,Monthly,12.6,12.66,13.33
1997,July,Monthly,15.3,14.4,15.29
1997,August,Monthly,17.1,14.24,15.11
1997,September,Monthly,12.7,12.2,12.93
1997,October,Monthly,9.2,9.43,9.73
1997,November,Monthly,7.7,5.51,6.48
1997,December,Monthly,5.1,3.83,4.2
1997,Winter,Seasonal,3.24,3.27,4.08
1997,Spring,Seasonal,8.42,7.05,8.07
1997,Summer,Seasonal,15.06,13.78,14.59
1997,Autumn,Seasonal,9.88,9.05,9.71
1997,Annual,Annual,9.41,8.31,9.14
1998,January,Monthly,4.3,3.02,3.92
1998,February,Monthly,6.8,2.96,4.13
1998,March,Monthly,6.7,4.67,5.7
1998,April,Monthly,6.6,6.73,7.87
1998,May,Monthly,11.5,9.75,10.64
1998,June,Monthly,12.7,12.66,13.33
1998,July,Monthly,14.1,14.4,15.29
1998,August,Monthly,14.5,14.24,15.11
1998,September,Monthly,13.4,12.2,12.93
1998,October,Monthly,9.1,9.43,9.73
1998,November,Monthly,5.3,5.51,6.48
1998,December,Monthly,4.9,3.83,4.2
1998,Winter,Seasonal,5.35,3.27,4.08
1998,Spring,Seasonal,8.29,7.05,8.07
1998,Summer,Seasonal,13.74,13.78,14.59
1998,Autumn,Seasonal,9.25,9.05,9.71
1998,Annual,Annual,9.16,8.31,9.14
1999,January,Monthly,4.5,3.02,3.92
1999,February,Monthly,4.2,2.96,4.13
1999,March,Monthly,6.2,4.67,5.7
1999,April,Monthly,8.3,6.73,7.87
1999,May,Monthly,11.5,9.75,10.64
1999,June,Monthly,12.4,12.66,13.33
1999,July,Monthly,15.9,14.4,15.29
1999,August,Monthly,14.8,14.24,15.11
1999,September,Monthly,14.2,12.2,12.93
1999,October,Monthly,9.8,9.43,9.73
1999,November,Monthly,6.8,5.51,6.48
1999,December,Monthly,3.6,3.83,4.2
1999,Winter,Seasonal,4.54,3.27,4.08
1999,Spring,Seasonal,8.65,7.05,8.07
1999,Summer,Seasonal,14.39,13.78,14.59
1999,Autumn,Seasonal,10.27,9.05,9.71
1999,Annual,Annual,9.37,8.31,9.14
2000,January,Monthly,4.3,3.02,3.92
2000,February,Monthly,5.1,2.96,4.13
2000,March,Monthly,6.5,4.67,5.7
2000,April,Monthly,6.7,6.73,7.87
2000,May,Monthly,10.8,9.75,10.64
2000,June,Monthly,13.2,12.66,13.33
2000,July,Monthly,14.1,14.4,15.29
2000,August,Monthly,15.2,14.24,15.11
2000,September,Monthly,13.5,12.2,12.93
2000,October,Monthly,9.3,9.43,9.73
2000,November,Monthly,5.8,5.51,6.48
2000,December,Monthly,4.6,3.83,4.2
2000,Winter,Seasonal,4.29,3.27,4.08
2000,Spring,Seasonal,8.03,7.05,8.07
2000,Summer,Seasonal,14.15,13.78,14.59
2000,Autumn,Seasonal,9.52,9.05,9.71
2000,Annual,Annual,9.1,8.31,9.14
2001,January,Monthly,2.5,3.02,3.92
2001,February,Monthly,3.4,2.96,4.13
2001,March,Monthly,4,4.67,5.7
2001,April,Monthly,6.6,6.73,7.87
2001,May,Monthly,11.3,9.75,10.64
2001,June,Monthly,12.6,12.66,13.33
2001,July,Monthly,15.2,14.4,15.29
2001,August,Monthly,15.2,14.24,15.11
2001,September,Monthly,12.2,12.2,12.93
2001,October,Monthly,12.2,9.43,9.73
2001,November,Monthly,6.8,5.51,6.48
2001,December,Monthly,3.1,3.83,4.2
2001,Winter,Seasonal,3.51,3.27,4.08
2001,Spring,Seasonal,7.35,7.05,8.07
2001,Summer,Seasonal,14.34,13.78,14.59
2001,Autumn,Seasonal,10.4,9.05,9.71
2001,Annual,Annual,8.8,8.31,9.14
2002,January,Monthly,5,3.02,3.92
2002,February,Monthly,5.5,2.96,4.13
2002,March,Monthly,6.4,4.67,5.7
2002,April,Monthly,8.2,6.73,7.87
2002,May,Monthly,10.7,9.75,10.64
2002,June,Monthly,13.1,12.66,13.33
2002,July,Monthly,14.4,14.4,15.29
2002,August,Monthly,15.6,14.24,15.11
2002,September,Monthly,13.1,12.2,12.93
2002,October,Monthly,8.7,9.43,9.73
2002,November,Monthly,7.5,5.51,6.48
2002,December,Monthly,4.7,3.83,4.2
2002,Winter,Seasonal,4.49,3.27,4.08
2002,Spring,Seasonal,8.45,7.05,8.07
2002,Summer,Seasonal,14.38,13.78,14.59
2002,Autumn,Seasonal,9.76,9.05,9.71
2002,Annual,Annual,9.44,8.31,9.14
2003,January,Monthly,3.7,3.02,3.92
2003,February,Monthly,3.4,2.96,4.13
2003,March,Monthly,6.7,4.67,5.7
2003,April,Monthly,8.8,6.73,7.87
2003,May,Monthly,10.7,9.75,10.64
2003,June,Monthly,14.5,12.66,13.33
2003,July,Monthly,16.2,14.4,15.29
2003,August,Monthly,16.5,14.24,15.11
2003,September,Monthly,13.1,12.2,12.93
2003,October,Monthly,8.1,9.43,9.73
2003,November,Monthly,7.3,5.51,6.48
2003,December,Monthly,4.2,3.83,4.2
2003,Winter,Seasonal,3.96,3.27,4.08
2003,Spring,Seasonal,8.74,7.05,8.07
2003,Summer,Seasonal,15.74,13.78,14.59
2003,Autumn,Seasonal,9.5,9.05,9.71
2003,Annual,Annual,9.47,8.31,9.14
2004,January,Monthly,4.4,3.02,3.92
2004,February,Monthly,4.3,2.96,4.13
2004,March,Monthly,5.7,4.67,5.7
2004,April,Monthly,8.5,6.73,7.87
2004,May,Monthly,11,9.75,10.64
2004,June,Monthly,13.9,12.66,13.33
2004,July,Monthly,14.4,14.4,15.29
2004,August,Monthly,16.1,14.24,15.11
2004,September,Monthly,13.4,12.2,12.93
2004,October,Monthly,9.3,9.43,9.73
2004,November,Monthly,7,5.51,6.48
2004,December,Monthly,5,3.83,4.2
2004,Winter,Seasonal,4.32,3.27,4.08
2004,Spring,Seasonal,8.39,7.05,8.07
2004,Summer,Seasonal,14.83,13.78,14.59
2004,Autumn,Seasonal,9.92,9.05,9.71
2004,Annual,Annual,9.44,8.31,9.14
2005,January,Monthly,5.3,3.02,3.92
2005,February,Monthly,3.7,2.96,4.13
2005,March,Monthly,6.4,4.67,5.7
2005,April,Monthly,7.9,6.73,7.87
2005,May,Monthly,10,9.75,10.64
2005,June,Monthly,14.1,12.66,13.33
2005,July,Monthly,15.3,14.4,15.29
2005,August,Monthly,14.8,14.24,15.11
2005,September,Monthly,13.8,12.2,12.93
2005,October,Monthly,11.6,9.43,9.73
2005,November,Monthly,5.6,5.51,6.48
2005,December,Monthly,4.1,3.83,4.2
2005,Winter,Seasonal,4.68,3.27,4.08
2005,Spring,Seasonal,8.08,7.05,8.07
2005,Summer,Seasonal,14.74,13.78,14.59
2005,Autumn,Seasonal,10.34,9.05,9.71
2005,Annual,Annual,9.41,8.31,9.14
2006,January,Monthly,3.8,3.02,3.92
2006,February,Monthly,3.4,2.96,4.13
2006,March,Monthly,3.9,4.67,5.7
2006,April,Monthly,7.4,6.73,7.87
2006,May,Monthly,10.7,9.75,10.64
2006,June,Monthly,14.5,12.66,13.33
2006,July,Monthly,17.8,14.4,15.29
2006,August,Monthly,14.9,14.24,15.11
2006,September,Monthly,15.2,12.2,12.93
2006,October,Monthly,11.6,9.43,9.73
2006,November,Monthly,7.2,5.51,6.48
2006,December,Monthly,5.5,3.83,4.2
2006,Winter,Seasonal,3.81,3.27,4.08
2006,Spring,Seasonal,7.32,7.05,8.07
2006,Summer,Seasonal,15.75,13.78,14.59
2006,Autumn,Seasonal,11.35,9.05,9.71
2006,Annual,Annual,9.7,8.31,9.14
2007,January,Monthly,5.9,3.02,3.92
2007,February,Monthly,5.1,2.96,4.13
2007,March,Monthly,6.3,4.67,5.7
2007,April,Monthly,10.2,6.73,7.87
2007,May,Monthly,10.6,9.75,10.64
2007,June,Monthly,13.7,12.66,13.33
2007,July,Monthly,14.2,14.4,15.29
2007,August,Monthly,14.3,14.24,15.11
2007,September,Monthly,12.6,12.2,12.93
2007,October,Monthly,10.2,9.43,9.73
2007,November,Monthly,6.8,5.51,6.48
2007,December,Monthly,4.4,3.83,4.2
2007,Winter,Seasonal,5.54,3.27,4.08
2007,Spring,Seasonal,9.02,7.05,8.07
2007,Summer,Seasonal,14.1,13.78,14.59
2007,Autumn,Seasonal,9.9,9.05,9.71
2007,Annual,Annual,9.56,8.31,9.14
2008,January,Monthly,5.3,3.02,3.92
2008,February,Monthly,4.9,2.96,4.13
2008,March,Monthly,5.1,4.67,5.7
2008,April,Monthly,7,6.73,7.87
2008,May,Monthly,12.1,9.75,10.64
2008,June,Monthly,12.9,12.66,13.33
2008,July,Monthly,15.3,14.4,15.29
2008,August,Monthly,15.1,14.24,15.11
2008,September,Monthly,12.5,12.2,12.93
2008,October,Monthly,8.7,9.43,9.73
2008,November,Monthly,6.1,5.51,6.48
2008,December,Monthly,3.1,3.83,4.2
2008,Winter,Seasonal,4.84,3.27,4.08
2008,Spring,Seasonal,8.1,7.05,8.07
2008,Summer,Seasonal,14.45,13.78,14.59
2008,Autumn,Seasonal,9.08,9.05,9.71
2008,Annual,Annual,9.02,8.31,9.14
2009,January,Monthly,2.8,3.02,3.92
2009,February,Monthly,3.7,2.96,4.13
2009,March,Monthly,6.1,4.67,5.7
2009,April,Monthly,8.9,6.73,7.87
2009,May,Monthly,10.8,9.75,10.64
2009,June,Monthly,13.7,12.66,13.33
2009,July,Monthly,15.1,14.4,15.29
2009,August,Monthly,15.3,14.24,15.11
2009,September,Monthly,13.2,12.2,12.93
2009,October,Monthly,10.4,9.43,9.73
2009,November,Monthly,7.3,5.51,6.48
2009,December,Monthly,2.1,3.83,4.2
2009,Winter,Seasonal,3.18,3.27,4.08
2009,Spring,Seasonal,8.59,7.05,8.07
2009,Summer,Seasonal,14.71,13.78,14.59
2009,Autumn,Seasonal,10.29,9.05,9.71
2009,Annual,Annual,9.14,8.31,9.14
2010,January,Monthly,0.9,3.02,3.92
2010,February,Monthly,1.8,2.96,4.13
2010,March,Monthly,5.1,4.67,5.7
2010,April,Monthly,7.9,6.73,7.87
2010,May,Monthly,9.7,9.75,10.64
2010,June,Monthly,14.1,12.66,13.33
2010,July,Monthly,15.6,14.4,15.29
2010,August,Monthly,14.2,14.24,15.11
2010,September,Monthly,12.8,12.2,12.93
2010,October,Monthly,9.4,9.43,9.73
2010,November,Monthly,4.3,5.51,6.48
2010,December,Monthly,-0.9,3.83,4.2
2010,Winter,Seasonal,1.62,3.27,4.08
2010,Spring,Seasonal,7.57,7.05,8.07
2010,Summer,Seasonal,14.62,13.78,14.59
2010,Autumn,Seasonal,8.83,9.05,9.71
2010,Annual,Annual,7.94,8.31,9.14
2011,January,Monthly,3.1,3.02,3.92
2011,February,Monthly,5.3,2.96,4.13
2011,March,Monthly,5.8,4.67,5.7
2011,April,Monthly,10.7,6.73,7.87
2011,May,Monthly,11,9.75,10.64
2011,June,Monthly,12.6,12.66,13.33
2011,July,Monthly,14.2,14.4,15.29
2011,August,Monthly,14.1,14.24,15.11
2011,September,Monthly,13.8,12.2,12.93
2011,October,Monthly,11.2,9.43,9.73
2011,November,Monthly,8.7,5.51,6.48
2011,December,Monthly,4.8,3.83,4.2
2011,Winter,Seasonal,2.41,3.27,4.08
2011,Spring,Seasonal,9.12,7.05,8.07
2011,Summer,Seasonal,13.63,13.78,14.59
2011,Autumn,Seasonal,11.22,9.05,9.71
2011,Annual,Annual,9.61,8.31,9.14
2012,January,Monthly,4.6,3.02,3.92
2012,February,Monthly,4.2,2.96,4.13
2012,March,Monthly,7.7,4.67,5.7
2012,April,Monthly,6.3,6.73,7.87
2012,May,Monthly,10.5,9.75,10.64
2012,June,Monthly,12.3,12.66,13.33
2012,July,Monthly,14.1,14.4,15.29
2012,August,Monthly,15.3,14.24,15.11
2012,September,Monthly,11.9,12.2,12.93
2012,October,Monthly,8.2,9.43,9.73
2012,November,Monthly,5.7,5.51,6.48
2012,December,Monthly,3.8,3.83,4.2
2012,Winter,Seasonal,4.54,3.27,4.08
2012,Spring,Seasonal,8.18,7.05,8.07
2012,Summer,Seasonal,13.9,13.78,14.59
2012,Autumn,Seasonal,8.61,9.05,9.71
2012,Annual,Annual,8.74,8.31,9.14
2013,January,Monthly,3.3,3.02,3.92
2013,February,Monthly,2.7,2.96,4.13
2013,March,Monthly,2.2,4.67,5.7
2013,April,Monthly,6.3,6.73,7.87
2013,May,Monthly,9.5,9.75,10.64
2013,June,Monthly,12.8,12.66,13.33
2013,July,Monthly,17,14.4,15.29
2013,August,Monthly,15.6,14.24,15.11
2013,September,Monthly,12.7,12.2,12.93
2013,October,Monthly,11.2,9.43,9.73
2013,November,Monthly,5.5,5.51,6.48
2013,December,Monthly,5.7,3.83,4.2
2013,Winter,Seasonal,3.31,3.27,4.08
2013,Spring,Seasonal,5.98,7.05,8.07
2013,Summer,Seasonal,15.15,13.78,14.59
2013,Autumn,Seasonal,9.8,9.05,9.71
2013,Annual,Annual,8.74,8.31,9.14
2014,January,Monthly,4.7,3.02,3.92
2014,February,Monthly,5.2,2.96,4.13
2014,March,Monthly,6.7,4.67,5.7
2014,April,Monthly,9.2,6.73,7.87
2014,May,Monthly,11.2,9.75,10.64
2014,June,Monthly,14.2,12.66,13.33
2014,July,Monthly,16.3,14.4,15.29
2014,August,Monthly,13.9,14.24,15.11
2014,September,Monthly,13.9,12.2,12.93
2014,October,Monthly,11,9.43,9.73
2014,November,Monthly,7.6,5.51,6.48
2014,December,Monthly,4.4,3.83,4.2
2014,Winter,Seasonal,5.19,3.27,4.08
2014,Spring,Seasonal,9.02,7.05,8.07
2014,Summer,Seasonal,14.8,13.78,14.59
2014,Autumn,Seasonal,10.84,9.05,9.71
2014,Annual,Annual,9.88,8.31,9.14
2015,January,Monthly,3.7,3.02,3.92
2015,February,Monthly,3.5,2.96,4.13
2015,March,Monthly,5.5,4.67,5.7
2015,April,Monthly,7.9,6.73,7.87
2015,May,Monthly,9.5,9.75,10.64
2015,June,Monthly,12.6,12.66,13.33
2015,July,Monthly,14.4,14.4,15.29
2015,August,Monthly,14.7,14.24,15.11
2015,September,Monthly,11.9,12.2,12.93
2015,October,Monthly,10,9.43,9.73
2015,November,Monthly,8.1,5.51,6.48
2015,December,Monthly,7.9,3.83,4.2
2015,Winter,Seasonal,3.89,3.27,4.08
2015,Spring,Seasonal,7.66,7.05,8.07
2015,Summer,Seasonal,13.91,13.78,14.59
2015,Autumn,Seasonal,9.99,9.05,9.71
2015,Annual,Annual,9.18,8.31,9.14
2016,January,Monthly,4.5,3.02,3.92
2016,February,Monthly,3.8,2.96,4.13
2016,March,Monthly,5.3,4.67,5.7
2016,April,Monthly,6.5,6.73,7.87
2016,May,Monthly,11.3,9.75,10.64
2016,June,Monthly,13.9,12.66,13.33
2016,July,Monthly,15.3,14.4,15.29
2016,August,Monthly,15.5,14.24,15.11
2016,September,Monthly,14.6,12.2,12.93
2016,October,Monthly,9.8,9.43,9.73
2016,November,Monthly,4.9,5.51,6.48
2016,December,Monthly,5.9,3.83,4.2
2016,Winter,Seasonal,5.46,3.27,4.08
2016,Spring,Seasonal,7.69,7.05,8.07
2016,Summer,Seasonal,14.89,13.78,14.59
2016,Autumn,Seasonal,9.75,9.05,9.71
2016,Annual,Annual,9.29,8.31,9.14
2017,January,Monthly,3.8,3.02,3.92
2017,February,Monthly,5.2,2.96,4.13
2017,March,Monthly,7.3,4.67,5.7
2017,April,Monthly,8,6.73,7.87
2017,May,Monthly,12,9.75,10.64
2017,June,Monthly,14.4,12.66,13.33
2017,July,Monthly,15.1,14.4,15.29
2017,August,Monthly,14.5,14.24,15.11
2017,September,Monthly,12.5,12.2,12.93
2017,October,Monthly,11.2,9.43,9.73
2017,November,Monthly,5.7,5.51,6.48
2017,December,Monthly,4.1,3.83,4.2
2017,Winter,Seasonal,4.97,3.27,4.08
2017,Spring,Seasonal,9.12,7.05,8.07
2017,Summer,Seasonal,14.69,13.78,14.59
2017,Autumn,Seasonal,9.84,9.05,9.71
2017,Annual,Annual,9.53,8.31,9.14
2018,January,Monthly,4,3.02,3.92
2018,February,Monthly,2.3,2.96,4.13
2018,March,Monthly,3.8,4.67,5.7
2018,April,Monthly,8.4,6.73,7.87
2018,May,Monthly,12,9.75,10.64
2018,June,Monthly,14.8,12.66,13.33
2018,July,Monthly,17.2,14.4,15.29
2018,August,Monthly,15.2,14.24,15.11
2018,September,Monthly,12.4,12.2,12.93
2018,October,Monthly,9.5,9.43,9.73
2018,November,Monthly,7.3,5.51,6.48
2018,December,Monthly,5.8,3.83,4.2
2018,Winter,Seasonal,3.52,3.27,4.08
2018,Spring,Seasonal,8.08,7.05,8.07
2018,Summer,Seasonal,15.76,13.78,14.59
2018,Autumn,Seasonal,9.73,9.05,9.71
2018,Annual,Annual,9.45,8.31,9.14
2019,January,Monthly,3.4,3.02,3.92
2019,February,Monthly,6,2.96,4.13
2019,March,Monthly,6.8,4.67,5.7
2019,April,Monthly,8.4,6.73,7.87
2019,May,Monthly,10,9.75,10.64
2019,June,Monthly,13.2,12.66,13.33
2019,July,Monthly,16.4,14.4,15.29
2019,August,Monthly,15.8,14.24,15.11
2019,September,Monthly,13.1,12.2,12.93
2019,October,Monthly,8.9,9.43,9.73
2019,November,Monthly,5.3,5.51,6.48
2019,December,Monthly,5.1,3.83,4.2
2019,Winter,Seasonal,5.06,3.27,4.08
2019,Spring,Seasonal,8.38,7.05,8.07
2019,Summer,Seasonal,15.14,13.78,14.59
2019,Autumn,Seasonal,9.1,9.05,9.71
2019,Annual,Annual,9.39,8.31,9.14
2020,January,Monthly,5.6,3.02,3.92
2020,February,Monthly,5.1,2.96,4.13
2020,March,Monthly,5.6,4.67,5.7
2020,April,Monthly,9.1,6.73,7.87
2020,May,Monthly,11.4,9.75,10.64
2020,June,Monthly,14,12.66,13.33
2020,July,Monthly,14.3,14.4,15.29
2020,August,Monthly,15.9,14.24,15.11
2020,September,Monthly,12.8,12.2,12.93
2020,October,Monthly,9.4,9.43,9.73
2020,November,Monthly,7.7,5.51,6.48
2020,December,Monthly,4.3,3.83,4.2
2020,Winter,Seasonal,5.28,3.27,4.08
2020,Spring,Seasonal,8.68,7.05,8.07
2020,Summer,Seasonal,14.76,13.78,14.59
2020,Autumn,Seasonal,9.98,9.05,9.71
2020,Annual,Annual,9.62,8.31,9.14
2021,January,Monthly,2.2,3.02,3.92
2021,February,Monthly,4.1,2.96,4.13
2021,March,Monthly,6.4,4.67,5.7
2021,April,Monthly,5.7,6.73,7.87
2021,May,Monthly,9.1,9.75,10.64
2021,June,Monthly,14.2,12.66,13.33
2021,July,Monthly,16.6,14.4,15.29
2021,August,Monthly,15,14.24,15.11
2021,September,Monthly,14.7,12.2,12.93
2021,October,Monthly,10.9,9.43,9.73
2021,November,Monthly,7,5.51,6.48
2021,December,Monthly,5.3,3.83,4.2
2021,Winter,Seasonal,3.51,3.27,4.08
2021,Spring,Seasonal,7.07,7.05,8.07
2021,Summer,Seasonal,15.28,13.78,14.59
2021,Autumn,Seasonal,10.84,9.05,9.71
2021,Annual,Annual,9.28,8.31,9.14
2022,January,Monthly,4.7,3.02,3.92
2022,February,Monthly,5.6,2.96,4.13
2022,March,Monthly,6.7,4.67,5.7
2022,April,Monthly,8.1,6.73,7.87
2022,May,Monthly,11.8,9.75,10.64
2022,June,Monthly,13.9,12.66,13.33
2022,July,Monthly,16.5,14.4,15.29
2022,August,Monthly,16.6,14.24,15.11
2022,September,Monthly,13.4,12.2,12.93
2022,October,Monthly,11.6,9.43,9.73
2022,November,Monthly,8.2,5.51,6.48
2022,December,Monthly,2.9,3.83,4.2
2022,Winter,Seasonal,5.18,3.27,4.08
2022,Spring,Seasonal,8.87,7.05,8.07
2022,Summer,Seasonal,15.71,13.78,14.59
2022,Autumn,Seasonal,11.05,9.05,9.71
2022,Annual,Annual,10.03,8.31,9.14
2023,January,Monthly,4.4,3.02,3.92
2023,February,Monthly,5.8,2.96,4.13
2023,March,Monthly,5.7,4.67,5.7
2023,April,Monthly,7.8,6.73,7.87
2023,May,Monthly,11.6,9.75,10.64
2023,June,Monthly,15.8,12.66,13.33
2023,July,Monthly,15,14.4,15.29
2023,August,Monthly,15.3,14.24,15.11
2023,September,Monthly,15.2,12.2,12.93
2023,October,Monthly,10.7,9.43,9.73
2023,November,Monthly,6.3,5.51,6.48
2023,December,Monthly,5.8,3.83,4.2
2023,Winter,Seasonal,4.32,3.27,4.08
2023,Spring,Seasonal,8.38,7.05,8.07
2023,Summer,Seasonal,15.36,13.78,14.59
2023,Autumn,Seasonal,10.74,9.05,9.71
2023,Annual,Annual,9.97,8.31,9.14
2024,January,Monthly,3.8,3.02,3.92
2024,February,Monthly,6.3,2.96,4.13
2024,March,Monthly,6.7,4.67,5.7
2024,April,Monthly,8.3,6.73,7.87
2024,May,Monthly,13.1,9.75,10.64
2024,June,Monthly,12.9,12.66,13.33
2024,July,Monthly,14.8,14.4,15.29
2024,August,Monthly,15.4,14.24,15.11
2024,September,Monthly,12.7,12.2,12.93
2024,October,Monthly,10.5,9.43,9.73
2024,November,Monthly,6.7,5.51,6.48
2024,December,Monthly,6.2,3.83,4.2
2024,Winter,Seasonal,5.3,3.27,4.08
2024,Spring,Seasonal,9.38,7.05,8.07
2024,Summer,Seasonal,14.38,13.78,14.59
2024,Autumn,Seasonal,9.93,9.05,9.71
2024,Annual,Annual,9.79,8.31,9.14
2025,January,Monthly,3,3.02,3.92
2025,February,Monthly,4.6,2.96,4.13
2025,March,Monthly,7,4.67,5.7
2025,April,Monthly,9.6,6.73,7.87
2025,May,Monthly,12,9.75,10.64
2025,June,Monthly,15.2,12.66,13.33
2025,July,Monthly,16.8,14.4,15.29
2025,August,Monthly,16.3,14.24,15.11
2025,September,Monthly,12.8,12.2,12.93
2025,October,Monthly,10.4,9.43,9.73
2025,November,Monthly,7.2,5.51,6.48
2025,December,Monthly,5.8,3.83,4.2
2025,Winter,Seasonal,4.62,3.27,4.08
2025,Spring,Seasonal,9.53,7.05,8.07
2025,Summer,Seasonal,16.12,13.78,14.59
2025,Autumn,Seasonal,10.15,9.05,9.71
2025,Annual,Annual,10.1,8.31,9.14
2026,January,Monthly,3.4,3.02,3.92
2026,February,Monthly,5.6,2.96,4.13
2026,March,Monthly,7,4.67,5.7
2026,April,Monthly,9,6.73,7.87
2026,May,Monthly,12,9.75,10.64
2026,June,Monthly,15.6,12.66,13.33
2026,July,Monthly,17.4,14.4,15.29
2026,Winter,Seasonal,4.94,3.27,4.08
2026,Spring,Seasonal,9.33,7.05,8.07
